Word_id,hapana,kumi,mbili,moja,nane,ndio,nne,saba,sita,tano,tatu,tisa
id_jp2pxl0r84ya.wav,0,0,0,0,0,0,0,0,0,0,0,0
id_ndduqqvthbpx.wav,0,0,0,0,0,0,0,0,0,0,0,0
id_36oxymxfcm6q.wav,0,0,0,0,0,0,0,0,0,0,0,0
id_ue9b0to760pg.wav,0,0,0,0,0,0,0,0,0,0,0,0
id_prja4oprb914.wav,0,0,0,0,0,0,0,0,0,0,0,0
id_p2e4ujv0h3sh.wav,0,0,0,0,0,0,0,0,0,0,0,0
id_qr9ded91jnnp.wav,0,0,0,0,0,0,0,0,0,0,0,0
id_unp4q2gg8uwj.wav,0,0,0,0,0,0,0,0,0,0,0,0
id_8fayzyxlckx9.wav,0,0,0,0,0,0,0,0,0,0,0,0
id_m0cngkxvznhv.wav,0,0,0,0,0,0,0,0,0,0,0,0
id_n6yewf46wn0x.wav,0,0,0,0,0,0,0,0,0,0,0,0
id_osp6rua1ywgx.wav,0,0,0,0,0,0,0,0,0,0,0,0
id_972s339qkktp.wav,0,0,0,0,0,0,0,0,0,0,0,0
id_pjppgm9m3xtq.wav,0,0,0,0,0,0,0,0,0,0,0,0
id_brnycj7hilw1.wav,0,0,0,0,0,0,0,0,0,0,0,0
id_jmw18y1z6nd6.wav,0,0,0,0,0,0,0,0,0,0,0,0
id_4m9kkqrmlvcd.wav,0,0,0,0,0,0,0,0,0,0,0,0
id_w4wc4pcw3dko.wav,0,0,0,0,0,0,0,0,0,0,0,0
id_olw4uldpay0v.wav,0,0,0,0,0,0,0,0,0,0,0,0
id_edr5bk05y5ft.wav,0,0,0,0,0,0,0,0,0,0,0,0
id_eluhi0fkcm4x.wav,0,0,0,0,0,0,0,0,0,0,0,0
id_wuljh838nk69.wav,0,0,0,0,0,0,0,0,0,0,0,0
id_pqnq37j76huo.wav,0,0,0,0,0,0,0,0,0,0,0,0
id_34b7im300mzk.wav,0,0,0,0,0,0,0,0,0,0,0,0
id_p4fmi3686o5f.wav,0,0,0,0,0,0,0,0,0,0,0,0
id_pq454ymxprzf.wav,0,0,0,0,0,0,0,0,0,0,0,0
id_r7rxd70dgaql.wav,0,0,0,0,0,0,0,0,0,0,0,0
id_76mdpavjnjes.wav,0,0,0,0,0,0,0,0,0,0,0,0
id_z8ewkggafgz9.wav,0,0,0,0,0,0,0,0,0,0,0,0
id_vplbyvdvb816.wav,0,0,0,0,0,0,0,0,0,0,0,0
id_n9gh6bx7usqw.wav,0,0,0,0,0,0,0,0,0,0,0,0
id_d5p12w2tkibh.wav,0,0,0,0,0,0,0,0,0,0,0,0
id_ehvdi7kh2tdd.wav,0,0,0,0,0,0,0,0,0,0,0,0
id_ia25h991vi8k.wav,0,0,0,0,0,0,0,0,0,0,0,0
id_zg5617pyarpv.wav,0,0,0,0,0,0,0,0,0,0,0,0
id_b9n4gfnjj4p7.wav,0,0,0,0,0,0,0,0,0,0,0,0
id_4dlc98t7aqnx.wav,0,0,0,0,0,0,0,0,0,0,0,0
id_v1sy6f5wask1.wav,0,0,0,0,0,0,0,0,0,0,0,0
id_gtr5yrazjabb.wav,0,0,0,0,0,0,0,0,0,0,0,0
id_u4p52r7je7uq.wav,0,0,0,0,0,0,0,0,0,0,0,0
id_nt3ooo4ox2q7.wav,0,0,0,0,0,0,0,0,0,0,0,0
id_4rzzpeyppbuc.wav,0,0,0,0,0,0,0,0,0,0,0,0
id_alk2lwr7ltsk.wav,0,0,0,0,0,0,0,0,0,0,0,0
id_ebsrzk7ra0bi.wav,0,0,0,0,0,0,0,0,0,0,0,0
id_4fzcli8yhomi.wav,0,0,0,0,0,0,0,0,0,0,0,0
id_ao2bu3d824jl.wav,0,0,0,0,0,0,0,0,0,0,0,0
id_4wrrkjhjrq1p.wav,0,0,0,0,0,0,0,0,0,0,0,0
id_86kq15n8rcdq.wav,0,0,0,0,0,0,0,0,0,0,0,0
id_v1677w5mhw26.wav,0,0,0,0,0,0,0,0,0,0,0,0
id_9gmumfcmt8wl.wav,0,0,0,0,0,0,0,0,0,0,0,0
id_a9kl8gz9m6uz.wav,0,0,0,0,0,0,0,0,0,0,0,0
id_d2bko933ow2g.wav,0,0,0,0,0,0,0,0,0,0,0,0
id_5pwi9h70fqfx.wav,0,0,0,0,0,0,0,0,0,0,0,0
id_xidebqmrtcer.wav,0,0,0,0,0,0,0,0,0,0,0,0
id_w50jvinppgqf.wav,0,0,0,0,0,0,0,0,0,0,0,0
id_tapjp16wytnx.wav,0,0,0,0,0,0,0,0,0,0,0,0
id_fow9v6rjlwj2.wav,0,0,0,0,0,0,0,0,0,0,0,0
id_dr2m0t52hd6i.wav,0,0,0,0,0,0,0,0,0,0,0,0
id_tr29urpskke1.wav,0,0,0,0,0,0,0,0,0,0,0,0
id_em3cnj8amj6l.wav,0,0,0,0,0,0,0,0,0,0,0,0
id_u2i72jhn1zls.wav,0,0,0,0,0,0,0,0,0,0,0,0
id_ezoezq3fuymr.wav,0,0,0,0,0,0,0,0,0,0,0,0
id_djxx2d8c1cd7.wav,0,0,0,0,0,0,0,0,0,0,0,0
id_gzltduhc8un6.wav,0,0,0,0,0,0,0,0,0,0,0,0
id_cxj3jjymovan.wav,0,0,0,0,0,0,0,0,0,0,0,0
id_nqn9zby8nd8i.wav,0,0,0,0,0,0,0,0,0,0,0,0
id_t9k9dl28w8ce.wav,0,0,0,0,0,0,0,0,0,0,0,0
id_75c1i7yjerln.wav,0,0,0,0,0,0,0,0,0,0,0,0
id_5xfuxhh0ylf5.wav,0,0,0,0,0,0,0,0,0,0,0,0
id_cfn2ntmfiee6.wav,0,0,0,0,0,0,0,0,0,0,0,0
id_5wy55i1ohrlm.wav,0,0,0,0,0,0,0,0,0,0,0,0
id_g16j40u0kurz.wav,0,0,0,0,0,0,0,0,0,0,0,0
id_oxi0r4fflq5u.wav,0,0,0,0,0,0,0,0,0,0,0,0
id_1dz22t5yeg6w.wav,0,0,0,0,0,0,0,0,0,0,0,0
id_3x0s9npbaa08.wav,0,0,0,0,0,0,0,0,0,0,0,0
id_tfeahshfwnxd.wav,0,0,0,0,0,0,0,0,0,0,0,0
id_vh8kfnet1obd.wav,0,0,0,0,0,0,0,0,0,0,0,0
id_qcbwfskm7o7g.wav,0,0,0,0,0,0,0,0,0,0,0,0
id_kt3gqohc4ojz.wav,0,0,0,0,0,0,0,0,0,0,0,0
id_fgjnt7046sd2.wav,0,0,0,0,0,0,0,0,0,0,0,0
id_8bm95rej3o0k.wav,0,0,0,0,0,0,0,0,0,0,0,0
id_otryplqz5ib6.wav,0,0,0,0,0,0,0,0,0,0,0,0
id_6eoyy5v2zkz4.wav,0,0,0,0,0,0,0,0,0,0,0,0
id_neikst3i1jrr.wav,0,0,0,0,0,0,0,0,0,0,0,0
id_uhstrvysgtth.wav,0,0,0,0,0,0,0,0,0,0,0,0
id_uu5uz5cu6zm3.wav,0,0,0,0,0,0,0,0,0,0,0,0
id_vpzf240s8yvt.wav,0,0,0,0,0,0,0,0,0,0,0,0
id_le9tnp9zzo1l.wav,0,0,0,0,0,0,0,0,0,0,0,0
id_fabmc2age2bu.wav,0,0,0,0,0,0,0,0,0,0,0,0
id_ujkefhpecjx0.wav,0,0,0,0,0,0,0,0,0,0,0,0
id_8tzc9wjbdqgj.wav,0,0,0,0,0,0,0,0,0,0,0,0
id_glt461cydyym.wav,0,0,0,0,0,0,0,0,0,0,0,0
id_mqz5s0kvrbpn.wav,0,0,0,0,0,0,0,0,0,0,0,0
id_8imalcpxh808.wav,0,0,0,0,0,0,0,0,0,0,0,0
id_jnr0og7f8fmm.wav,0,0,0,0,0,0,0,0,0,0,0,0
id_gzkx55etcp63.wav,0,0,0,0,0,0,0,0,0,0,0,0
id_yc8otk533esi.wav,0,0,0,0,0,0,0,0,0,0,0,0
id_dklazmbqc9ws.wav,0,0,0,0,0,0,0,0,0,0,0,0
id_a63522on9j6v.wav,0,0,0,0,0,0,0,0,0,0,0,0
id_podt1fxp2n52.wav,0,0,0,0,0,0,0,0,0,0,0,0
id_wv99ju5yjv7e.wav,0,0,0,0,0,0,0,0,0,0,0,0
id_ugna8iqrkbos.wav,0,0,0,0,0,0,0,0,0,0,0,0
id_93oterteb7fm.wav,0,0,0,0,0,0,0,0,0,0,0,0
id_ablxe1tp0q5s.wav,0,0,0,0,0,0,0,0,0,0,0,0
id_6lb63l9ghk1v.wav,0,0,0,0,0,0,0,0,0,0,0,0
id_f9l4cdhms7x5.wav,0,0,0,0,0,0,0,0,0,0,0,0
id_i2s6ybbm168a.wav,0,0,0,0,0,0,0,0,0,0,0,0
id_t7xusehfb5ug.wav,0,0,0,0,0,0,0,0,0,0,0,0
id_0avli5l4mip0.wav,0,0,0,0,0,0,0,0,0,0,0,0
id_exx0r01wn6mo.wav,0,0,0,0,0,0,0,0,0,0,0,0
id_mhw1jrsxumpv.wav,0,0,0,0,0,0,0,0,0,0,0,0
id_2vysufecwa9k.wav,0,0,0,0,0,0,0,0,0,0,0,0
id_ujbxgx6p19ye.wav,0,0,0,0,0,0,0,0,0,0,0,0
id_o7wmdkv8tpsh.wav,0,0,0,0,0,0,0,0,0,0,0,0
id_3smwfhx6ctre.wav,0,0,0,0,0,0,0,0,0,0,0,0
id_7y4aiyb2ld3e.wav,0,0,0,0,0,0,0,0,0,0,0,0
id_l63ipxrndrci.wav,0,0,0,0,0,0,0,0,0,0,0,0
id_nylptooo4zxd.wav,0,0,0,0,0,0,0,0,0,0,0,0
id_n8hwgx7mkd4o.wav,0,0,0,0,0,0,0,0,0,0,0,0
id_hw70bbh7or6l.wav,0,0,0,0,0,0,0,0,0,0,0,0
id_2e2634nf9sjj.wav,0,0,0,0,0,0,0,0,0,0,0,0
id_br01db3ehqc9.wav,0,0,0,0,0,0,0,0,0,0,0,0
id_rn0z2ri9u211.wav,0,0,0,0,0,0,0,0,0,0,0,0
id_o1bkgk8k7grs.wav,0,0,0,0,0,0,0,0,0,0,0,0
id_4jrphgcv86mu.wav,0,0,0,0,0,0,0,0,0,0,0,0
id_9fbnhqhdh3gw.wav,0,0,0,0,0,0,0,0,0,0,0,0
id_fuc4bniraw11.wav,0,0,0,0,0,0,0,0,0,0,0,0
id_9l7tj702q9v6.wav,0,0,0,0,0,0,0,0,0,0,0,0
id_e9f1rk4ozkft.wav,0,0,0,0,0,0,0,0,0,0,0,0
id_m07b1lt9tpbk.wav,0,0,0,0,0,0,0,0,0,0,0,0
id_sip97pr46s6r.wav,0,0,0,0,0,0,0,0,0,0,0,0
id_yd273mig5l5v.wav,0,0,0,0,0,0,0,0,0,0,0,0
id_vl1cfvynbxhf.wav,0,0,0,0,0,0,0,0,0,0,0,0
id_92jll4y95zbq.wav,0,0,0,0,0,0,0,0,0,0,0,0
id_erembrty6r7b.wav,0,0,0,0,0,0,0,0,0,0,0,0
id_ayj9yjp167q5.wav,0,0,0,0,0,0,0,0,0,0,0,0
id_liramyutos8b.wav,0,0,0,0,0,0,0,0,0,0,0,0
id_84cnr5pj08o4.wav,0,0,0,0,0,0,0,0,0,0,0,0
id_bp0d7alnkdn0.wav,0,0,0,0,0,0,0,0,0,0,0,0
id_gfvi2uoigjv3.wav,0,0,0,0,0,0,0,0,0,0,0,0
id_diucvz77nmb2.wav,0,0,0,0,0,0,0,0,0,0,0,0
id_laddg6dfjcjn.wav,0,0,0,0,0,0,0,0,0,0,0,0
id_zuo43lhheudr.wav,0,0,0,0,0,0,0,0,0,0,0,0
id_twmd5chdxos2.wav,0,0,0,0,0,0,0,0,0,0,0,0
id_n52vwbmj3lij.wav,0,0,0,0,0,0,0,0,0,0,0,0
id_nf0dpvl8szo7.wav,0,0,0,0,0,0,0,0,0,0,0,0
id_sn9kjfmsfpr7.wav,0,0,0,0,0,0,0,0,0,0,0,0
id_0iz5paki0mky.wav,0,0,0,0,0,0,0,0,0,0,0,0
id_2q2mz0ilkn6m.wav,0,0,0,0,0,0,0,0,0,0,0,0
id_jyftibrifxze.wav,0,0,0,0,0,0,0,0,0,0,0,0
id_od814kppz7pd.wav,0,0,0,0,0,0,0,0,0,0,0,0
id_r4w31j30yqhn.wav,0,0,0,0,0,0,0,0,0,0,0,0
id_5nedj9401nns.wav,0,0,0,0,0,0,0,0,0,0,0,0
id_s72e8zkfn68z.wav,0,0,0,0,0,0,0,0,0,0,0,0
id_rmsdw5qqw33l.wav,0,0,0,0,0,0,0,0,0,0,0,0
id_el7t282x1sid.wav,0,0,0,0,0,0,0,0,0,0,0,0
id_2qyvl1br0yw5.wav,0,0,0,0,0,0,0,0,0,0,0,0
id_937tduqursh2.wav,0,0,0,0,0,0,0,0,0,0,0,0
id_dyvwqo58dm7c.wav,0,0,0,0,0,0,0,0,0,0,0,0
id_sixyh0785w0k.wav,0,0,0,0,0,0,0,0,0,0,0,0
id_qh6itkgtdqgr.wav,0,0,0,0,0,0,0,0,0,0,0,0
id_bd5jvzf383y7.wav,0,0,0,0,0,0,0,0,0,0,0,0
id_r0eref5b3dss.wav,0,0,0,0,0,0,0,0,0,0,0,0
id_xh4kw50xsdgv.wav,0,0,0,0,0,0,0,0,0,0,0,0
id_ass124v4bvcb.wav,0,0,0,0,0,0,0,0,0,0,0,0
id_97qwcdo23l70.wav,0,0,0,0,0,0,0,0,0,0,0,0
id_gg9hsrxzozd0.wav,0,0,0,0,0,0,0,0,0,0,0,0
id_6sb4sskyr6oj.wav,0,0,0,0,0,0,0,0,0,0,0,0
id_x1bqhbrv6n4s.wav,0,0,0,0,0,0,0,0,0,0,0,0
id_lh4uzw61552o.wav,0,0,0,0,0,0,0,0,0,0,0,0
id_0r9ok3ii3149.wav,0,0,0,0,0,0,0,0,0,0,0,0
id_9jk542pbl4b9.wav,0,0,0,0,0,0,0,0,0,0,0,0
id_wy4b0mkwhnsf.wav,0,0,0,0,0,0,0,0,0,0,0,0
id_ve3rxaxtl8oj.wav,0,0,0,0,0,0,0,0,0,0,0,0
id_l68ldpz57wpl.wav,0,0,0,0,0,0,0,0,0,0,0,0
id_tdagqiotxusl.wav,0,0,0,0,0,0,0,0,0,0,0,0
id_mwaubicmcx1v.wav,0,0,0,0,0,0,0,0,0,0,0,0
id_ofpn3zwh0aju.wav,0,0,0,0,0,0,0,0,0,0,0,0
id_xdk1305d5rdp.wav,0,0,0,0,0,0,0,0,0,0,0,0
id_nudaspgvws7s.wav,0,0,0,0,0,0,0,0,0,0,0,0
id_3u8cwrz2cnql.wav,0,0,0,0,0,0,0,0,0,0,0,0
id_gfpcwjyrien2.wav,0,0,0,0,0,0,0,0,0,0,0,0
id_lnj9n6rk222g.wav,0,0,0,0,0,0,0,0,0,0,0,0
id_wln7dho6afwz.wav,0,0,0,0,0,0,0,0,0,0,0,0
id_yznqb3morsg4.wav,0,0,0,0,0,0,0,0,0,0,0,0
id_oai2avyzz2vh.wav,0,0,0,0,0,0,0,0,0,0,0,0
id_9f9bnetic04v.wav,0,0,0,0,0,0,0,0,0,0,0,0
id_b3gcuqc0qq8v.wav,0,0,0,0,0,0,0,0,0,0,0,0
id_ipqurjb75itu.wav,0,0,0,0,0,0,0,0,0,0,0,0
id_9ea06wotxqgi.wav,0,0,0,0,0,0,0,0,0,0,0,0
id_b7yj60vji9si.wav,0,0,0,0,0,0,0,0,0,0,0,0
id_nlg6r4og5o89.wav,0,0,0,0,0,0,0,0,0,0,0,0
id_b8ur19g1rub7.wav,0,0,0,0,0,0,0,0,0,0,0,0
id_s82gqa00chqp.wav,0,0,0,0,0,0,0,0,0,0,0,0
id_l4ypo7c51y3d.wav,0,0,0,0,0,0,0,0,0,0,0,0
id_jqutiu9ld3f5.wav,0,0,0,0,0,0,0,0,0,0,0,0
id_yvlzbm9u4ffn.wav,0,0,0,0,0,0,0,0,0,0,0,0
id_lwqnjvjvl3gx.wav,0,0,0,0,0,0,0,0,0,0,0,0
id_yet4eb186j2a.wav,0,0,0,0,0,0,0,0,0,0,0,0
id_7c5ye7cvng3n.wav,0,0,0,0,0,0,0,0,0,0,0,0
id_5q116xz4ebxh.wav,0,0,0,0,0,0,0,0,0,0,0,0
id_14k97xvjupgl.wav,0,0,0,0,0,0,0,0,0,0,0,0
id_7hcshexu4ulg.wav,0,0,0,0,0,0,0,0,0,0,0,0
id_3ysz3fint709.wav,0,0,0,0,0,0,0,0,0,0,0,0
id_zsgq86etvftc.wav,0,0,0,0,0,0,0,0,0,0,0,0
id_s7l47lp8ff8g.wav,0,0,0,0,0,0,0,0,0,0,0,0
id_x6rp6khjmnql.wav,0,0,0,0,0,0,0,0,0,0,0,0
id_57chzaayco29.wav,0,0,0,0,0,0,0,0,0,0,0,0
id_98o8wm6ggu65.wav,0,0,0,0,0,0,0,0,0,0,0,0
id_qadvwen0rgtz.wav,0,0,0,0,0,0,0,0,0,0,0,0
id_5rbdul0yft8b.wav,0,0,0,0,0,0,0,0,0,0,0,0
id_gp9phu0dqjb4.wav,0,0,0,0,0,0,0,0,0,0,0,0
id_1wnnjw5oapws.wav,0,0,0,0,0,0,0,0,0,0,0,0
id_5jcujhvc6y7d.wav,0,0,0,0,0,0,0,0,0,0,0,0
id_jp9v3flzxs6b.wav,0,0,0,0,0,0,0,0,0,0,0,0
id_mvyukpfpk58v.wav,0,0,0,0,0,0,0,0,0,0,0,0
id_cgyup9izi9cc.wav,0,0,0,0,0,0,0,0,0,0,0,0
id_izrodz2mar8c.wav,0,0,0,0,0,0,0,0,0,0,0,0
id_c5encrq1p23w.wav,0,0,0,0,0,0,0,0,0,0,0,0
id_xpyn8ijim7vc.wav,0,0,0,0,0,0,0,0,0,0,0,0
id_tey8c3flfjwp.wav,0,0,0,0,0,0,0,0,0,0,0,0
id_0ybg7nlg1im5.wav,0,0,0,0,0,0,0,0,0,0,0,0
id_kx3irilxzwlk.wav,0,0,0,0,0,0,0,0,0,0,0,0
id_ry013x4ik9pe.wav,0,0,0,0,0,0,0,0,0,0,0,0
id_x4fbg68dzmih.wav,0,0,0,0,0,0,0,0,0,0,0,0
id_vix90ocji73u.wav,0,0,0,0,0,0,0,0,0,0,0,0
id_pvzmku984gdw.wav,0,0,0,0,0,0,0,0,0,0,0,0
id_ymfljoalmgdc.wav,0,0,0,0,0,0,0,0,0,0,0,0
id_2j2ds8db2089.wav,0,0,0,0,0,0,0,0,0,0,0,0
id_j5gimh97ze3o.wav,0,0,0,0,0,0,0,0,0,0,0,0
id_e0e8j9sq3hfc.wav,0,0,0,0,0,0,0,0,0,0,0,0
id_hwtayzlj0ea4.wav,0,0,0,0,0,0,0,0,0,0,0,0
id_9rnrmb8w27df.wav,0,0,0,0,0,0,0,0,0,0,0,0
id_exmhz52rmx4j.wav,0,0,0,0,0,0,0,0,0,0,0,0
id_uyyy4jyy46kh.wav,0,0,0,0,0,0,0,0,0,0,0,0
id_3keznh7l6nxc.wav,0,0,0,0,0,0,0,0,0,0,0,0
id_5p64cunuiiad.wav,0,0,0,0,0,0,0,0,0,0,0,0
id_xnijed7oc3n3.wav,0,0,0,0,0,0,0,0,0,0,0,0
id_gug240qy8957.wav,0,0,0,0,0,0,0,0,0,0,0,0
id_3rc3oueb3nol.wav,0,0,0,0,0,0,0,0,0,0,0,0
id_y8aihuvaplg7.wav,0,0,0,0,0,0,0,0,0,0,0,0
id_c13dk80eu1z5.wav,0,0,0,0,0,0,0,0,0,0,0,0
id_khbft2pner7c.wav,0,0,0,0,0,0,0,0,0,0,0,0
id_v2g7x4r83akw.wav,0,0,0,0,0,0,0,0,0,0,0,0
id_1ozide5ytzbq.wav,0,0,0,0,0,0,0,0,0,0,0,0
id_c1x1npz7d6hx.wav,0,0,0,0,0,0,0,0,0,0,0,0
id_znp983nr8clb.wav,0,0,0,0,0,0,0,0,0,0,0,0
id_cctkhijujtn8.wav,0,0,0,0,0,0,0,0,0,0,0,0
id_3avnay8sxq8f.wav,0,0,0,0,0,0,0,0,0,0,0,0
id_ybqxn3hg02ur.wav,0,0,0,0,0,0,0,0,0,0,0,0
id_rz9nwtirfhnx.wav,0,0,0,0,0,0,0,0,0,0,0,0
id_607glq4ku56u.wav,0,0,0,0,0,0,0,0,0,0,0,0
id_v266oasmsfwq.wav,0,0,0,0,0,0,0,0,0,0,0,0
id_az5kytjkgy1v.wav,0,0,0,0,0,0,0,0,0,0,0,0
id_t6tm9np0qnnj.wav,0,0,0,0,0,0,0,0,0,0,0,0
id_3xvw0sktgthe.wav,0,0,0,0,0,0,0,0,0,0,0,0
id_s07aoptw0u5i.wav,0,0,0,0,0,0,0,0,0,0,0,0
id_w62ujb75xwxf.wav,0,0,0,0,0,0,0,0,0,0,0,0
id_xq78mrswwaap.wav,0,0,0,0,0,0,0,0,0,0,0,0
id_5bvwp2c81nsg.wav,0,0,0,0,0,0,0,0,0,0,0,0
id_gh0iwkc67oun.wav,0,0,0,0,0,0,0,0,0,0,0,0
id_ebh57meiku0r.wav,0,0,0,0,0,0,0,0,0,0,0,0
id_7qg2jlnqrjxa.wav,0,0,0,0,0,0,0,0,0,0,0,0
id_sd6ncjnsqy9z.wav,0,0,0,0,0,0,0,0,0,0,0,0
id_0o46wvtvrol3.wav,0,0,0,0,0,0,0,0,0,0,0,0
id_g64u3nf6km62.wav,0,0,0,0,0,0,0,0,0,0,0,0
id_8wihim3td9xd.wav,0,0,0,0,0,0,0,0,0,0,0,0
id_9eva8qts0kkw.wav,0,0,0,0,0,0,0,0,0,0,0,0
id_xppvlz6qfdpf.wav,0,0,0,0,0,0,0,0,0,0,0,0
id_o1iq4fhwg1tj.wav,0,0,0,0,0,0,0,0,0,0,0,0
id_mnq9rhckc7a8.wav,0,0,0,0,0,0,0,0,0,0,0,0
id_36n64iz360mg.wav,0,0,0,0,0,0,0,0,0,0,0,0
id_exitnpmf9u29.wav,0,0,0,0,0,0,0,0,0,0,0,0
id_gnau8hce6fv1.wav,0,0,0,0,0,0,0,0,0,0,0,0
id_henrq1kbgtuc.wav,0,0,0,0,0,0,0,0,0,0,0,0
id_fsj3nd9yh83p.wav,0,0,0,0,0,0,0,0,0,0,0,0
id_k7b1fzpcpd9q.wav,0,0,0,0,0,0,0,0,0,0,0,0
id_7myf3rtnufyx.wav,0,0,0,0,0,0,0,0,0,0,0,0
id_7zn1miw5qb1u.wav,0,0,0,0,0,0,0,0,0,0,0,0
id_zqr19sjrd67g.wav,0,0,0,0,0,0,0,0,0,0,0,0
id_tcxpeavz08bt.wav,0,0,0,0,0,0,0,0,0,0,0,0
id_0ti6ros1k79p.wav,0,0,0,0,0,0,0,0,0,0,0,0
id_x19bjwiyp6f5.wav,0,0,0,0,0,0,0,0,0,0,0,0
id_3cv4wysk67y7.wav,0,0,0,0,0,0,0,0,0,0,0,0
id_6nggincr7djs.wav,0,0,0,0,0,0,0,0,0,0,0,0
id_owuc72fmifh8.wav,0,0,0,0,0,0,0,0,0,0,0,0
id_w3sayipe6cy2.wav,0,0,0,0,0,0,0,0,0,0,0,0
id_tv0sh5feh0kz.wav,0,0,0,0,0,0,0,0,0,0,0,0
id_beulywnsilxv.wav,0,0,0,0,0,0,0,0,0,0,0,0
id_rez3tp0aohme.wav,0,0,0,0,0,0,0,0,0,0,0,0
id_4h9w28j77qyy.wav,0,0,0,0,0,0,0,0,0,0,0,0
id_11onmw9fhk9s.wav,0,0,0,0,0,0,0,0,0,0,0,0
id_sin5aswuaspk.wav,0,0,0,0,0,0,0,0,0,0,0,0
id_idcnysd1os6f.wav,0,0,0,0,0,0,0,0,0,0,0,0
id_uk7uurw7sfmv.wav,0,0,0,0,0,0,0,0,0,0,0,0
id_y0ei6xzw5ek4.wav,0,0,0,0,0,0,0,0,0,0,0,0
id_qm4z2je6tcvo.wav,0,0,0,0,0,0,0,0,0,0,0,0
id_tww45i3375gn.wav,0,0,0,0,0,0,0,0,0,0,0,0
id_pdqgyd53gtei.wav,0,0,0,0,0,0,0,0,0,0,0,0
id_olzrxls4wp1s.wav,0,0,0,0,0,0,0,0,0,0,0,0
id_evpuawgryki1.wav,0,0,0,0,0,0,0,0,0,0,0,0
id_g0ubcuum9fg8.wav,0,0,0,0,0,0,0,0,0,0,0,0
id_1x82chbzoqhh.wav,0,0,0,0,0,0,0,0,0,0,0,0
id_twimzmcyj246.wav,0,0,0,0,0,0,0,0,0,0,0,0
id_5rddur9g7njt.wav,0,0,0,0,0,0,0,0,0,0,0,0
id_hbdc5t2z8gdh.wav,0,0,0,0,0,0,0,0,0,0,0,0
id_3vxhlm3x81gm.wav,0,0,0,0,0,0,0,0,0,0,0,0
id_mgcoziccpgx8.wav,0,0,0,0,0,0,0,0,0,0,0,0
id_4ia6kn4vqhg3.wav,0,0,0,0,0,0,0,0,0,0,0,0
id_ylpmqi6jqflf.wav,0,0,0,0,0,0,0,0,0,0,0,0
id_yu198uof9ugp.wav,0,0,0,0,0,0,0,0,0,0,0,0
id_0vttj9rlrwwq.wav,0,0,0,0,0,0,0,0,0,0,0,0
id_hp0k8xiqzr8v.wav,0,0,0,0,0,0,0,0,0,0,0,0
id_xw50vvghib9s.wav,0,0,0,0,0,0,0,0,0,0,0,0
id_io3q8rp1cddm.wav,0,0,0,0,0,0,0,0,0,0,0,0
id_mj25ojok5ep4.wav,0,0,0,0,0,0,0,0,0,0,0,0
id_5udhbaaxcjle.wav,0,0,0,0,0,0,0,0,0,0,0,0
id_ft92q4uvu23t.wav,0,0,0,0,0,0,0,0,0,0,0,0
id_18inndk6z9a4.wav,0,0,0,0,0,0,0,0,0,0,0,0
id_n76a8frk325z.wav,0,0,0,0,0,0,0,0,0,0,0,0
id_e35gveghr45p.wav,0,0,0,0,0,0,0,0,0,0,0,0
id_j8wr2wk7goo7.wav,0,0,0,0,0,0,0,0,0,0,0,0
id_uv8iyietmv32.wav,0,0,0,0,0,0,0,0,0,0,0,0
id_z5cd87bc1n62.wav,0,0,0,0,0,0,0,0,0,0,0,0
id_sueagdqj8255.wav,0,0,0,0,0,0,0,0,0,0,0,0
id_b9eg24usqpok.wav,0,0,0,0,0,0,0,0,0,0,0,0
id_9qkgge9vj941.wav,0,0,0,0,0,0,0,0,0,0,0,0
id_24m42q2wwwc4.wav,0,0,0,0,0,0,0,0,0,0,0,0
id_0s50o2utesqc.wav,0,0,0,0,0,0,0,0,0,0,0,0
id_tr9gfczi0bvt.wav,0,0,0,0,0,0,0,0,0,0,0,0
id_qh6y6z7ug931.wav,0,0,0,0,0,0,0,0,0,0,0,0
id_y52zl53auu1i.wav,0,0,0,0,0,0,0,0,0,0,0,0
id_agf7vtrz24ug.wav,0,0,0,0,0,0,0,0,0,0,0,0
id_b10ee0ij28wd.wav,0,0,0,0,0,0,0,0,0,0,0,0
id_s98mvxl2t017.wav,0,0,0,0,0,0,0,0,0,0,0,0
id_ud5etqss2mi6.wav,0,0,0,0,0,0,0,0,0,0,0,0
id_a5li5zwpbfnf.wav,0,0,0,0,0,0,0,0,0,0,0,0
id_7od1t1j1a7ml.wav,0,0,0,0,0,0,0,0,0,0,0,0
id_f28oeezss1te.wav,0,0,0,0,0,0,0,0,0,0,0,0
id_xg1385ii0nb3.wav,0,0,0,0,0,0,0,0,0,0,0,0
id_3h9796r6p0qc.wav,0,0,0,0,0,0,0,0,0,0,0,0
id_ajdb8eqfp94p.wav,0,0,0,0,0,0,0,0,0,0,0,0
id_mco5o2saq7e0.wav,0,0,0,0,0,0,0,0,0,0,0,0
id_i1m5deg11w8y.wav,0,0,0,0,0,0,0,0,0,0,0,0
id_8ivjy30d8nhp.wav,0,0,0,0,0,0,0,0,0,0,0,0
id_9h587jv1paxt.wav,0,0,0,0,0,0,0,0,0,0,0,0
id_9uhx4ssj6mog.wav,0,0,0,0,0,0,0,0,0,0,0,0
id_kw1p07dwses4.wav,0,0,0,0,0,0,0,0,0,0,0,0
id_3lltu8zox8ow.wav,0,0,0,0,0,0,0,0,0,0,0,0
id_1awuucx78rlh.wav,0,0,0,0,0,0,0,0,0,0,0,0
id_7nu63hdeb7ve.wav,0,0,0,0,0,0,0,0,0,0,0,0
id_86qnlvhq6mnh.wav,0,0,0,0,0,0,0,0,0,0,0,0
id_3cqd289f2byh.wav,0,0,0,0,0,0,0,0,0,0,0,0
id_zskfaa12i2kn.wav,0,0,0,0,0,0,0,0,0,0,0,0
id_o4yeg2x1f4oq.wav,0,0,0,0,0,0,0,0,0,0,0,0
id_9bvfa7go4ezl.wav,0,0,0,0,0,0,0,0,0,0,0,0
id_kwhw66clsm1a.wav,0,0,0,0,0,0,0,0,0,0,0,0
id_1a2zamiaevpa.wav,0,0,0,0,0,0,0,0,0,0,0,0
id_utpbf6a8kbnn.wav,0,0,0,0,0,0,0,0,0,0,0,0
id_auy50lttb1ps.wav,0,0,0,0,0,0,0,0,0,0,0,0
id_yhtn795gi8yi.wav,0,0,0,0,0,0,0,0,0,0,0,0
id_r3fqewyhkdli.wav,0,0,0,0,0,0,0,0,0,0,0,0
id_nuq78s09i0ip.wav,0,0,0,0,0,0,0,0,0,0,0,0
id_v0iw1a644c2i.wav,0,0,0,0,0,0,0,0,0,0,0,0
id_64zxq28z5vvo.wav,0,0,0,0,0,0,0,0,0,0,0,0
id_hs2vh5edzfhn.wav,0,0,0,0,0,0,0,0,0,0,0,0
id_3xkkic9wyb5b.wav,0,0,0,0,0,0,0,0,0,0,0,0
id_85bklklz9085.wav,0,0,0,0,0,0,0,0,0,0,0,0
id_8oe9kt1q3tsf.wav,0,0,0,0,0,0,0,0,0,0,0,0
id_5ukgyfsov4ig.wav,0,0,0,0,0,0,0,0,0,0,0,0
id_oyz1fyp3c2qg.wav,0,0,0,0,0,0,0,0,0,0,0,0
id_zohtl2o7o5op.wav,0,0,0,0,0,0,0,0,0,0,0,0
id_4jhxnvn2am8y.wav,0,0,0,0,0,0,0,0,0,0,0,0
id_xgmdpbuillbs.wav,0,0,0,0,0,0,0,0,0,0,0,0
id_mn4zymvh9k0m.wav,0,0,0,0,0,0,0,0,0,0,0,0
id_95pwsxeg20es.wav,0,0,0,0,0,0,0,0,0,0,0,0
id_ksbjjqikjgfd.wav,0,0,0,0,0,0,0,0,0,0,0,0
id_ysxi3s8p8xxz.wav,0,0,0,0,0,0,0,0,0,0,0,0
id_mkjq5nukpjyi.wav,0,0,0,0,0,0,0,0,0,0,0,0
id_fcjlo2e7t3el.wav,0,0,0,0,0,0,0,0,0,0,0,0
id_4atx5h9npo0f.wav,0,0,0,0,0,0,0,0,0,0,0,0
id_6wwcopn88skn.wav,0,0,0,0,0,0,0,0,0,0,0,0
id_wsbxyw7hcghs.wav,0,0,0,0,0,0,0,0,0,0,0,0
id_jnq2qr5tjycw.wav,0,0,0,0,0,0,0,0,0,0,0,0
id_5vythakq5qtz.wav,0,0,0,0,0,0,0,0,0,0,0,0
id_daa15t5qdhyu.wav,0,0,0,0,0,0,0,0,0,0,0,0
id_54k1tbj3tt1u.wav,0,0,0,0,0,0,0,0,0,0,0,0
id_y6nsc2ljcv8w.wav,0,0,0,0,0,0,0,0,0,0,0,0
id_n6tvgtfw7b7x.wav,0,0,0,0,0,0,0,0,0,0,0,0
id_1k9zjha2sgyn.wav,0,0,0,0,0,0,0,0,0,0,0,0
id_ah3r3z4fhyzv.wav,0,0,0,0,0,0,0,0,0,0,0,0
id_z7a5vysis87s.wav,0,0,0,0,0,0,0,0,0,0,0,0
id_of3xvg046gyi.wav,0,0,0,0,0,0,0,0,0,0,0,0
id_62l6nc08h87u.wav,0,0,0,0,0,0,0,0,0,0,0,0
id_ac3a9akzdxx0.wav,0,0,0,0,0,0,0,0,0,0,0,0
id_u57jz4qkb4r6.wav,0,0,0,0,0,0,0,0,0,0,0,0
id_7r7xqdgky0b6.wav,0,0,0,0,0,0,0,0,0,0,0,0
id_46iwcip50cz9.wav,0,0,0,0,0,0,0,0,0,0,0,0
id_ri08gtzvol9c.wav,0,0,0,0,0,0,0,0,0,0,0,0
id_crg8xpwm0fvi.wav,0,0,0,0,0,0,0,0,0,0,0,0
id_zzpeq591oj33.wav,0,0,0,0,0,0,0,0,0,0,0,0
id_6u0r62p1yd84.wav,0,0,0,0,0,0,0,0,0,0,0,0
id_s22tlnnpatp8.wav,0,0,0,0,0,0,0,0,0,0,0,0
id_xq1fn83310cc.wav,0,0,0,0,0,0,0,0,0,0,0,0
id_i7njcfrvwkn4.wav,0,0,0,0,0,0,0,0,0,0,0,0
id_12hdjwu1l1j7.wav,0,0,0,0,0,0,0,0,0,0,0,0
id_5r707louiiku.wav,0,0,0,0,0,0,0,0,0,0,0,0
id_5w9avluat60c.wav,0,0,0,0,0,0,0,0,0,0,0,0
id_cbucwq7u6cek.wav,0,0,0,0,0,0,0,0,0,0,0,0
id_k09khv94h9td.wav,0,0,0,0,0,0,0,0,0,0,0,0
id_1vlf36sxqbsh.wav,0,0,0,0,0,0,0,0,0,0,0,0
id_gdj270s2nnqk.wav,0,0,0,0,0,0,0,0,0,0,0,0
id_emrfnl8pxy9i.wav,0,0,0,0,0,0,0,0,0,0,0,0
id_7645rq7n7mh2.wav,0,0,0,0,0,0,0,0,0,0,0,0
id_zqtn70bzt500.wav,0,0,0,0,0,0,0,0,0,0,0,0
id_syzl3ws988gs.wav,0,0,0,0,0,0,0,0,0,0,0,0
id_5tcw25gsqgv1.wav,0,0,0,0,0,0,0,0,0,0,0,0
id_vzp6s67psyb3.wav,0,0,0,0,0,0,0,0,0,0,0,0
id_7rtvw7rc0hcj.wav,0,0,0,0,0,0,0,0,0,0,0,0
id_8864kujeg0k5.wav,0,0,0,0,0,0,0,0,0,0,0,0
id_6k5ckx0f801v.wav,0,0,0,0,0,0,0,0,0,0,0,0
id_c0xv5012z1md.wav,0,0,0,0,0,0,0,0,0,0,0,0
id_xwuyruv0na82.wav,0,0,0,0,0,0,0,0,0,0,0,0
id_l0ftfysusbmx.wav,0,0,0,0,0,0,0,0,0,0,0,0
id_khaxnj7kcs14.wav,0,0,0,0,0,0,0,0,0,0,0,0
id_xypzmf7xn57d.wav,0,0,0,0,0,0,0,0,0,0,0,0
id_pq4zncc6le9k.wav,0,0,0,0,0,0,0,0,0,0,0,0
id_nhn6zr7ga88r.wav,0,0,0,0,0,0,0,0,0,0,0,0
id_pszkgg0lcg0x.wav,0,0,0,0,0,0,0,0,0,0,0,0
id_7nnb1aa65uy4.wav,0,0,0,0,0,0,0,0,0,0,0,0
id_q91xl0vn5dgo.wav,0,0,0,0,0,0,0,0,0,0,0,0
id_suzunfkx4syf.wav,0,0,0,0,0,0,0,0,0,0,0,0
id_d5h3meu03s55.wav,0,0,0,0,0,0,0,0,0,0,0,0
id_yi8ctr7cej9c.wav,0,0,0,0,0,0,0,0,0,0,0,0
id_yuu5i1e5j9eh.wav,0,0,0,0,0,0,0,0,0,0,0,0
id_x0k72qpb9a3d.wav,0,0,0,0,0,0,0,0,0,0,0,0
id_mxq6kc4rmw6z.wav,0,0,0,0,0,0,0,0,0,0,0,0
id_y4qlom3ojp61.wav,0,0,0,0,0,0,0,0,0,0,0,0
id_adriuqek7yz2.wav,0,0,0,0,0,0,0,0,0,0,0,0
id_imltd48rqahd.wav,0,0,0,0,0,0,0,0,0,0,0,0
id_c3esxflrt0sr.wav,0,0,0,0,0,0,0,0,0,0,0,0
id_m4ginrn2a63u.wav,0,0,0,0,0,0,0,0,0,0,0,0
id_oypzm4k87in4.wav,0,0,0,0,0,0,0,0,0,0,0,0
id_fq4obx3edqfr.wav,0,0,0,0,0,0,0,0,0,0,0,0
id_iasewb93vu93.wav,0,0,0,0,0,0,0,0,0,0,0,0
id_sugzbd0a3k6f.wav,0,0,0,0,0,0,0,0,0,0,0,0
id_h2izpl5b4zp5.wav,0,0,0,0,0,0,0,0,0,0,0,0
id_yuqvouqenmsf.wav,0,0,0,0,0,0,0,0,0,0,0,0
id_5btq5ufz9kq1.wav,0,0,0,0,0,0,0,0,0,0,0,0
id_kml0ndxt0uq9.wav,0,0,0,0,0,0,0,0,0,0,0,0
id_4n9v14k6i0w1.wav,0,0,0,0,0,0,0,0,0,0,0,0
id_nesqozwd0jjn.wav,0,0,0,0,0,0,0,0,0,0,0,0
id_umtl88rttbn4.wav,0,0,0,0,0,0,0,0,0,0,0,0
id_lvodth1mivks.wav,0,0,0,0,0,0,0,0,0,0,0,0
id_5ph1lrvkx765.wav,0,0,0,0,0,0,0,0,0,0,0,0
id_j7a6r0y049gf.wav,0,0,0,0,0,0,0,0,0,0,0,0
id_9vkoyv5h2khd.wav,0,0,0,0,0,0,0,0,0,0,0,0
id_oqohtpg4vsqm.wav,0,0,0,0,0,0,0,0,0,0,0,0
id_agfqk2rf10fd.wav,0,0,0,0,0,0,0,0,0,0,0,0
id_jl57o2zw9gfu.wav,0,0,0,0,0,0,0,0,0,0,0,0
id_gqn8boktur4s.wav,0,0,0,0,0,0,0,0,0,0,0,0
id_w55lg14m60y9.wav,0,0,0,0,0,0,0,0,0,0,0,0
id_21qjd82eh9p0.wav,0,0,0,0,0,0,0,0,0,0,0,0
id_y5hwi1v5g63b.wav,0,0,0,0,0,0,0,0,0,0,0,0
id_hkf3cj3embfi.wav,0,0,0,0,0,0,0,0,0,0,0,0
id_ud30xbvjp3vq.wav,0,0,0,0,0,0,0,0,0,0,0,0
id_fcv7c7rtf92y.wav,0,0,0,0,0,0,0,0,0,0,0,0
id_t1e2ymkiz7cs.wav,0,0,0,0,0,0,0,0,0,0,0,0
id_2d6pqtu5fqbh.wav,0,0,0,0,0,0,0,0,0,0,0,0
id_95s3cwwm479k.wav,0,0,0,0,0,0,0,0,0,0,0,0
id_nkd09ts9dfoe.wav,0,0,0,0,0,0,0,0,0,0,0,0
id_ic4k4x568ix8.wav,0,0,0,0,0,0,0,0,0,0,0,0
id_etpuyi3dq8mr.wav,0,0,0,0,0,0,0,0,0,0,0,0
id_v5zl3jmn9lz7.wav,0,0,0,0,0,0,0,0,0,0,0,0
id_aix5m8cwge69.wav,0,0,0,0,0,0,0,0,0,0,0,0
id_48gadw621nw4.wav,0,0,0,0,0,0,0,0,0,0,0,0
id_nb1eh46295zo.wav,0,0,0,0,0,0,0,0,0,0,0,0
id_fq8twdnwnh6u.wav,0,0,0,0,0,0,0,0,0,0,0,0
id_ryfjnatqbn0b.wav,0,0,0,0,0,0,0,0,0,0,0,0
id_95g61r3trt7s.wav,0,0,0,0,0,0,0,0,0,0,0,0
id_mkgtwlpu640l.wav,0,0,0,0,0,0,0,0,0,0,0,0
id_eslljmwbuovc.wav,0,0,0,0,0,0,0,0,0,0,0,0
id_lvmefy2tp4or.wav,0,0,0,0,0,0,0,0,0,0,0,0
id_z1acid4ltkb4.wav,0,0,0,0,0,0,0,0,0,0,0,0
id_jg8kmqz6sfnm.wav,0,0,0,0,0,0,0,0,0,0,0,0
id_7437vtzncmvv.wav,0,0,0,0,0,0,0,0,0,0,0,0
id_d0c3t4tzosys.wav,0,0,0,0,0,0,0,0,0,0,0,0
id_pei6uksnfy55.wav,0,0,0,0,0,0,0,0,0,0,0,0
id_8v3dfnwyk5be.wav,0,0,0,0,0,0,0,0,0,0,0,0
id_9zd7m1obtf7m.wav,0,0,0,0,0,0,0,0,0,0,0,0
id_76g3eq07due1.wav,0,0,0,0,0,0,0,0,0,0,0,0
id_vooov0xfoufd.wav,0,0,0,0,0,0,0,0,0,0,0,0
id_nc22qzgjg58b.wav,0,0,0,0,0,0,0,0,0,0,0,0
id_0ulqv2a6sv1g.wav,0,0,0,0,0,0,0,0,0,0,0,0
id_6iw479fhnu4v.wav,0,0,0,0,0,0,0,0,0,0,0,0
id_uafhlde84z8x.wav,0,0,0,0,0,0,0,0,0,0,0,0
id_n4g5lg3ohld4.wav,0,0,0,0,0,0,0,0,0,0,0,0
id_noz1jlgy6vh3.wav,0,0,0,0,0,0,0,0,0,0,0,0
id_cx7k9uvljhoo.wav,0,0,0,0,0,0,0,0,0,0,0,0
id_j2kwall84qf3.wav,0,0,0,0,0,0,0,0,0,0,0,0
id_latps2roil6q.wav,0,0,0,0,0,0,0,0,0,0,0,0
id_al5kbhc5hw0i.wav,0,0,0,0,0,0,0,0,0,0,0,0
id_ll4bcah0jvpj.wav,0,0,0,0,0,0,0,0,0,0,0,0
id_rj2jxglnuogg.wav,0,0,0,0,0,0,0,0,0,0,0,0
id_b8ka0pp61803.wav,0,0,0,0,0,0,0,0,0,0,0,0
id_280n996zgrgv.wav,0,0,0,0,0,0,0,0,0,0,0,0
id_2gka3kpw3hzn.wav,0,0,0,0,0,0,0,0,0,0,0,0
id_lfzuyfs2y56m.wav,0,0,0,0,0,0,0,0,0,0,0,0
id_yyy21wdiukgb.wav,0,0,0,0,0,0,0,0,0,0,0,0
id_409nywthuxjq.wav,0,0,0,0,0,0,0,0,0,0,0,0
id_c6nnlbqumuw4.wav,0,0,0,0,0,0,0,0,0,0,0,0
id_bmtkro7drt5j.wav,0,0,0,0,0,0,0,0,0,0,0,0
id_847w5so5lbdj.wav,0,0,0,0,0,0,0,0,0,0,0,0
id_9qg8f69lufnq.wav,0,0,0,0,0,0,0,0,0,0,0,0
id_jzjhwzgupaew.wav,0,0,0,0,0,0,0,0,0,0,0,0
id_bywqiblqywwr.wav,0,0,0,0,0,0,0,0,0,0,0,0
id_3xgag0cn9j3x.wav,0,0,0,0,0,0,0,0,0,0,0,0
id_fuwy2kglkbvi.wav,0,0,0,0,0,0,0,0,0,0,0,0
id_bcbicc7ni9sk.wav,0,0,0,0,0,0,0,0,0,0,0,0
id_urfny26uhrdt.wav,0,0,0,0,0,0,0,0,0,0,0,0
id_rcekf6mpp96f.wav,0,0,0,0,0,0,0,0,0,0,0,0
id_eu2wks1vw9qm.wav,0,0,0,0,0,0,0,0,0,0,0,0
id_gg4r83jye3nv.wav,0,0,0,0,0,0,0,0,0,0,0,0
id_9z5efr162bwa.wav,0,0,0,0,0,0,0,0,0,0,0,0
id_si1spzbwhpdo.wav,0,0,0,0,0,0,0,0,0,0,0,0
id_gqs55l6akbhi.wav,0,0,0,0,0,0,0,0,0,0,0,0
id_f95rgz9pmqqa.wav,0,0,0,0,0,0,0,0,0,0,0,0
id_q01jhh7874y0.wav,0,0,0,0,0,0,0,0,0,0,0,0
id_v16tf2lz2zpu.wav,0,0,0,0,0,0,0,0,0,0,0,0
id_0t4xxflzto7p.wav,0,0,0,0,0,0,0,0,0,0,0,0
id_exw4n0y385nk.wav,0,0,0,0,0,0,0,0,0,0,0,0
id_8tx4n3g2fzdm.wav,0,0,0,0,0,0,0,0,0,0,0,0
id_slvy5zijv5ey.wav,0,0,0,0,0,0,0,0,0,0,0,0
id_0lyk5q2cd8z6.wav,0,0,0,0,0,0,0,0,0,0,0,0
id_x050ku1i3701.wav,0,0,0,0,0,0,0,0,0,0,0,0
id_e8j8louajcap.wav,0,0,0,0,0,0,0,0,0,0,0,0
id_578qoaazadyy.wav,0,0,0,0,0,0,0,0,0,0,0,0
id_mn4c4u4abngw.wav,0,0,0,0,0,0,0,0,0,0,0,0
id_mu9qv0t2ctmw.wav,0,0,0,0,0,0,0,0,0,0,0,0
id_3uhotx1uehod.wav,0,0,0,0,0,0,0,0,0,0,0,0
id_iad76gfsvh9p.wav,0,0,0,0,0,0,0,0,0,0,0,0
id_50yjxddxd4eg.wav,0,0,0,0,0,0,0,0,0,0,0,0
id_iz1lqexbotvy.wav,0,0,0,0,0,0,0,0,0,0,0,0
id_69zmiwoop4u9.wav,0,0,0,0,0,0,0,0,0,0,0,0
id_ocoxkt8tgf5m.wav,0,0,0,0,0,0,0,0,0,0,0,0
id_hii6vb8xzg14.wav,0,0,0,0,0,0,0,0,0,0,0,0
id_fu62x6lxcwae.wav,0,0,0,0,0,0,0,0,0,0,0,0
id_7riq94ef371s.wav,0,0,0,0,0,0,0,0,0,0,0,0
id_04vvcatytgu3.wav,0,0,0,0,0,0,0,0,0,0,0,0
id_modnl39907yr.wav,0,0,0,0,0,0,0,0,0,0,0,0
id_1f1yki2tvwtv.wav,0,0,0,0,0,0,0,0,0,0,0,0
id_s93c19svr2yr.wav,0,0,0,0,0,0,0,0,0,0,0,0
id_dxuj59g6za7t.wav,0,0,0,0,0,0,0,0,0,0,0,0
id_lwqgxhxm2s4j.wav,0,0,0,0,0,0,0,0,0,0,0,0
id_5rcke66hd93h.wav,0,0,0,0,0,0,0,0,0,0,0,0
id_8wykuh1frvny.wav,0,0,0,0,0,0,0,0,0,0,0,0
id_tm914ba2vgcx.wav,0,0,0,0,0,0,0,0,0,0,0,0
id_rocgrgwi0d6s.wav,0,0,0,0,0,0,0,0,0,0,0,0
id_jkhtjrfkz7qm.wav,0,0,0,0,0,0,0,0,0,0,0,0
id_m2z4fdcht8b9.wav,0,0,0,0,0,0,0,0,0,0,0,0
id_2x9h81fptqx2.wav,0,0,0,0,0,0,0,0,0,0,0,0
id_k2jp3h922fkw.wav,0,0,0,0,0,0,0,0,0,0,0,0
id_k170uf4ziacx.wav,0,0,0,0,0,0,0,0,0,0,0,0
id_phangbrsqdys.wav,0,0,0,0,0,0,0,0,0,0,0,0
id_47d7tz41jnaw.wav,0,0,0,0,0,0,0,0,0,0,0,0
id_mg0kybope4j9.wav,0,0,0,0,0,0,0,0,0,0,0,0
id_4qvgbmadf08s.wav,0,0,0,0,0,0,0,0,0,0,0,0
id_v6lcuzdzc1rn.wav,0,0,0,0,0,0,0,0,0,0,0,0
id_2beco6eavhqo.wav,0,0,0,0,0,0,0,0,0,0,0,0
id_1lhvt52gup11.wav,0,0,0,0,0,0,0,0,0,0,0,0
id_98w2m3lkq4ub.wav,0,0,0,0,0,0,0,0,0,0,0,0
id_yanprob36e08.wav,0,0,0,0,0,0,0,0,0,0,0,0
id_tkoybyktfk5k.wav,0,0,0,0,0,0,0,0,0,0,0,0
id_exze5wipdytf.wav,0,0,0,0,0,0,0,0,0,0,0,0
id_kh9jlm9idt6c.wav,0,0,0,0,0,0,0,0,0,0,0,0
id_a4fm2ok6fuga.wav,0,0,0,0,0,0,0,0,0,0,0,0
id_36ysrx40b2mu.wav,0,0,0,0,0,0,0,0,0,0,0,0
id_l7yvsk33insa.wav,0,0,0,0,0,0,0,0,0,0,0,0
id_rgp2diau043a.wav,0,0,0,0,0,0,0,0,0,0,0,0
id_mzxg5o27tkss.wav,0,0,0,0,0,0,0,0,0,0,0,0
id_5dk1piy0qi2a.wav,0,0,0,0,0,0,0,0,0,0,0,0
id_2v5qcr7vcmf6.wav,0,0,0,0,0,0,0,0,0,0,0,0
id_3nbpbovqbkfl.wav,0,0,0,0,0,0,0,0,0,0,0,0
id_869n9zrwbh17.wav,0,0,0,0,0,0,0,0,0,0,0,0
id_cnko06en9h5w.wav,0,0,0,0,0,0,0,0,0,0,0,0
id_x1cumnwvvqt5.wav,0,0,0,0,0,0,0,0,0,0,0,0
id_75y37u5qbjrv.wav,0,0,0,0,0,0,0,0,0,0,0,0
id_lg9q97449744.wav,0,0,0,0,0,0,0,0,0,0,0,0
id_t0bll5bv5p4u.wav,0,0,0,0,0,0,0,0,0,0,0,0
id_qkbq5c5ezwcy.wav,0,0,0,0,0,0,0,0,0,0,0,0
id_dqdgkb8ernth.wav,0,0,0,0,0,0,0,0,0,0,0,0
id_hbyhjzcxj6x4.wav,0,0,0,0,0,0,0,0,0,0,0,0
id_r5fev8n922hn.wav,0,0,0,0,0,0,0,0,0,0,0,0
id_v8nozobcwl2k.wav,0,0,0,0,0,0,0,0,0,0,0,0
id_jrdda3a677wm.wav,0,0,0,0,0,0,0,0,0,0,0,0
id_5qs5hhldfn21.wav,0,0,0,0,0,0,0,0,0,0,0,0
id_mgwkeuh49may.wav,0,0,0,0,0,0,0,0,0,0,0,0
id_lj4ninq2bce5.wav,0,0,0,0,0,0,0,0,0,0,0,0
id_arpd0fz4j9yk.wav,0,0,0,0,0,0,0,0,0,0,0,0
id_khgdv7ed61w6.wav,0,0,0,0,0,0,0,0,0,0,0,0
id_q4vfadi2eu4s.wav,0,0,0,0,0,0,0,0,0,0,0,0
id_jwmh0k5jyz17.wav,0,0,0,0,0,0,0,0,0,0,0,0
id_b4ovn09dxklj.wav,0,0,0,0,0,0,0,0,0,0,0,0
id_9uczg9t61tj5.wav,0,0,0,0,0,0,0,0,0,0,0,0
id_gewy5dg4vxfk.wav,0,0,0,0,0,0,0,0,0,0,0,0
id_cg7nkiknaml1.wav,0,0,0,0,0,0,0,0,0,0,0,0
id_50bkkg3cs5fr.wav,0,0,0,0,0,0,0,0,0,0,0,0
id_s66k9jbt1zk9.wav,0,0,0,0,0,0,0,0,0,0,0,0
id_ro1x1x23cn78.wav,0,0,0,0,0,0,0,0,0,0,0,0
id_ci02onciusdf.wav,0,0,0,0,0,0,0,0,0,0,0,0
id_zg7jzwky6bgd.wav,0,0,0,0,0,0,0,0,0,0,0,0
id_frd2fqexecx6.wav,0,0,0,0,0,0,0,0,0,0,0,0
id_ckfl7616qkp4.wav,0,0,0,0,0,0,0,0,0,0,0,0
id_7h0x3nrelk95.wav,0,0,0,0,0,0,0,0,0,0,0,0
id_sor9o75upcbm.wav,0,0,0,0,0,0,0,0,0,0,0,0
id_gwvr4g9v9rc5.wav,0,0,0,0,0,0,0,0,0,0,0,0
id_pd1rzk8uu8yd.wav,0,0,0,0,0,0,0,0,0,0,0,0
id_15i8msomsowg.wav,0,0,0,0,0,0,0,0,0,0,0,0
id_1zp5mkxko3xt.wav,0,0,0,0,0,0,0,0,0,0,0,0
id_uqtlxnfb53of.wav,0,0,0,0,0,0,0,0,0,0,0,0
id_0l2d8kn78lrg.wav,0,0,0,0,0,0,0,0,0,0,0,0
id_8vba0jv9ril1.wav,0,0,0,0,0,0,0,0,0,0,0,0
id_92yylh0d21lj.wav,0,0,0,0,0,0,0,0,0,0,0,0
id_r5c7x91o3vf1.wav,0,0,0,0,0,0,0,0,0,0,0,0
id_c375n5etcoon.wav,0,0,0,0,0,0,0,0,0,0,0,0
id_30lcojkd1795.wav,0,0,0,0,0,0,0,0,0,0,0,0
id_b9hm8svrdylo.wav,0,0,0,0,0,0,0,0,0,0,0,0
id_eh9p7jh65tvo.wav,0,0,0,0,0,0,0,0,0,0,0,0
id_8nut1jbscw1y.wav,0,0,0,0,0,0,0,0,0,0,0,0
id_4uei3sv99fsk.wav,0,0,0,0,0,0,0,0,0,0,0,0
id_er6u57incm4v.wav,0,0,0,0,0,0,0,0,0,0,0,0
id_oos4gs2pn38k.wav,0,0,0,0,0,0,0,0,0,0,0,0
id_dy15nbnt1nuz.wav,0,0,0,0,0,0,0,0,0,0,0,0
id_ldxpfzf48xwy.wav,0,0,0,0,0,0,0,0,0,0,0,0
id_rl82px22hait.wav,0,0,0,0,0,0,0,0,0,0,0,0
id_82ji0grf5ho2.wav,0,0,0,0,0,0,0,0,0,0,0,0
id_4276xlpss3zq.wav,0,0,0,0,0,0,0,0,0,0,0,0
id_8b3rktx1cavr.wav,0,0,0,0,0,0,0,0,0,0,0,0
id_l1t4vdmb5ewa.wav,0,0,0,0,0,0,0,0,0,0,0,0
id_wqvjsucc30i9.wav,0,0,0,0,0,0,0,0,0,0,0,0
id_6zwwk3okyp40.wav,0,0,0,0,0,0,0,0,0,0,0,0
id_uosi78qiqmjg.wav,0,0,0,0,0,0,0,0,0,0,0,0
id_q3a5f11xoi66.wav,0,0,0,0,0,0,0,0,0,0,0,0
id_34gvsaols2tq.wav,0,0,0,0,0,0,0,0,0,0,0,0
id_eelv6466vyi6.wav,0,0,0,0,0,0,0,0,0,0,0,0
id_757dpsu80gqk.wav,0,0,0,0,0,0,0,0,0,0,0,0
id_ezf50r91zd8t.wav,0,0,0,0,0,0,0,0,0,0,0,0
id_zr6apvxsjd9y.wav,0,0,0,0,0,0,0,0,0,0,0,0
id_2hopnhufqo6l.wav,0,0,0,0,0,0,0,0,0,0,0,0
id_gf8nre9t63wf.wav,0,0,0,0,0,0,0,0,0,0,0,0
id_wyb2djedlvsa.wav,0,0,0,0,0,0,0,0,0,0,0,0
id_096ya43a980f.wav,0,0,0,0,0,0,0,0,0,0,0,0
id_012rur21mhsx.wav,0,0,0,0,0,0,0,0,0,0,0,0
id_4fjf9egqwnik.wav,0,0,0,0,0,0,0,0,0,0,0,0
id_3dcdy3ephrtp.wav,0,0,0,0,0,0,0,0,0,0,0,0
id_hjm2afs0nvba.wav,0,0,0,0,0,0,0,0,0,0,0,0
id_lyvmb81tlccc.wav,0,0,0,0,0,0,0,0,0,0,0,0
id_35u19q2rqp1h.wav,0,0,0,0,0,0,0,0,0,0,0,0
id_nrqr3kor8fgt.wav,0,0,0,0,0,0,0,0,0,0,0,0
id_po7o22iz77jl.wav,0,0,0,0,0,0,0,0,0,0,0,0
id_ilkkg13ci45j.wav,0,0,0,0,0,0,0,0,0,0,0,0
id_ffd8gn3l98to.wav,0,0,0,0,0,0,0,0,0,0,0,0
id_i5drd4lkiq7p.wav,0,0,0,0,0,0,0,0,0,0,0,0
id_sbt57aaiugp8.wav,0,0,0,0,0,0,0,0,0,0,0,0
id_e17xdw70tw0x.wav,0,0,0,0,0,0,0,0,0,0,0,0
id_uy6k4je5tq4w.wav,0,0,0,0,0,0,0,0,0,0,0,0
id_afbdsyeqmj73.wav,0,0,0,0,0,0,0,0,0,0,0,0
id_x7qwv8j1bonh.wav,0,0,0,0,0,0,0,0,0,0,0,0
id_28afmmdwipxi.wav,0,0,0,0,0,0,0,0,0,0,0,0
id_b4quh1d2bh09.wav,0,0,0,0,0,0,0,0,0,0,0,0
id_ygzg3pa60bmp.wav,0,0,0,0,0,0,0,0,0,0,0,0
id_jqqml2b7oabo.wav,0,0,0,0,0,0,0,0,0,0,0,0
id_mcks30pa9dcq.wav,0,0,0,0,0,0,0,0,0,0,0,0
id_m2csv1hgwjnv.wav,0,0,0,0,0,0,0,0,0,0,0,0
id_ktv3o2a9zbsn.wav,0,0,0,0,0,0,0,0,0,0,0,0
id_bve6x5p6enew.wav,0,0,0,0,0,0,0,0,0,0,0,0
id_i337v8mctg9m.wav,0,0,0,0,0,0,0,0,0,0,0,0
id_ce4wv2iiozm7.wav,0,0,0,0,0,0,0,0,0,0,0,0
id_cybbwzcliwdo.wav,0,0,0,0,0,0,0,0,0,0,0,0
id_kiggvycp48wd.wav,0,0,0,0,0,0,0,0,0,0,0,0
id_svgkl8k5csam.wav,0,0,0,0,0,0,0,0,0,0,0,0
id_lu8zbxtqhzap.wav,0,0,0,0,0,0,0,0,0,0,0,0
id_sr8obqwuc2ts.wav,0,0,0,0,0,0,0,0,0,0,0,0
id_3x3nw27mzo8x.wav,0,0,0,0,0,0,0,0,0,0,0,0
id_c2ezltatn7r1.wav,0,0,0,0,0,0,0,0,0,0,0,0
id_u0lkf8z2xzf5.wav,0,0,0,0,0,0,0,0,0,0,0,0
id_8ua60kxdhzid.wav,0,0,0,0,0,0,0,0,0,0,0,0
id_2nvv7wuunrri.wav,0,0,0,0,0,0,0,0,0,0,0,0
id_99sz6qs99cpb.wav,0,0,0,0,0,0,0,0,0,0,0,0
id_3yn0iwrpbcq2.wav,0,0,0,0,0,0,0,0,0,0,0,0
id_xf5jp1ix2sfd.wav,0,0,0,0,0,0,0,0,0,0,0,0
id_7pfrrzn8geb7.wav,0,0,0,0,0,0,0,0,0,0,0,0
id_gsn1k8ndvfgx.wav,0,0,0,0,0,0,0,0,0,0,0,0
id_qic36hq3spjn.wav,0,0,0,0,0,0,0,0,0,0,0,0
id_ikdfpd9s1llm.wav,0,0,0,0,0,0,0,0,0,0,0,0
id_q7mn9h087dea.wav,0,0,0,0,0,0,0,0,0,0,0,0
id_s35tds0akxvy.wav,0,0,0,0,0,0,0,0,0,0,0,0
id_ivuub04d21jg.wav,0,0,0,0,0,0,0,0,0,0,0,0
id_ixlbaw655kpw.wav,0,0,0,0,0,0,0,0,0,0,0,0
id_0j8c3mwvkfja.wav,0,0,0,0,0,0,0,0,0,0,0,0
id_w2egmnlak33q.wav,0,0,0,0,0,0,0,0,0,0,0,0
id_2doz886gwkj6.wav,0,0,0,0,0,0,0,0,0,0,0,0
id_ihtjwudzz9z0.wav,0,0,0,0,0,0,0,0,0,0,0,0
id_hcyr9tegx5fg.wav,0,0,0,0,0,0,0,0,0,0,0,0
id_ie03ifymey35.wav,0,0,0,0,0,0,0,0,0,0,0,0
id_hqovkeshifg2.wav,0,0,0,0,0,0,0,0,0,0,0,0
id_aarwd1qstpr6.wav,0,0,0,0,0,0,0,0,0,0,0,0
id_lq8og1qppb0x.wav,0,0,0,0,0,0,0,0,0,0,0,0
id_ph5leocume1g.wav,0,0,0,0,0,0,0,0,0,0,0,0
id_2c6688z6qc2k.wav,0,0,0,0,0,0,0,0,0,0,0,0
id_7cthz23e7536.wav,0,0,0,0,0,0,0,0,0,0,0,0
id_2l6owlddlzia.wav,0,0,0,0,0,0,0,0,0,0,0,0
id_elqfpc8pacr7.wav,0,0,0,0,0,0,0,0,0,0,0,0
id_3epzlb4yj241.wav,0,0,0,0,0,0,0,0,0,0,0,0
id_uavesurv1l6g.wav,0,0,0,0,0,0,0,0,0,0,0,0
id_8yxmyfuqyiwi.wav,0,0,0,0,0,0,0,0,0,0,0,0
id_u9ytl28wxsrq.wav,0,0,0,0,0,0,0,0,0,0,0,0
id_c49e0mxq1epb.wav,0,0,0,0,0,0,0,0,0,0,0,0
id_bto9lcqpwckj.wav,0,0,0,0,0,0,0,0,0,0,0,0
id_1rdjgrq81g1e.wav,0,0,0,0,0,0,0,0,0,0,0,0
id_2s0kvdhk87cg.wav,0,0,0,0,0,0,0,0,0,0,0,0
id_j9wmduwfgdrp.wav,0,0,0,0,0,0,0,0,0,0,0,0
id_8te5xsq619fl.wav,0,0,0,0,0,0,0,0,0,0,0,0
id_zq0gcmunnus2.wav,0,0,0,0,0,0,0,0,0,0,0,0
id_ciieue97ygyn.wav,0,0,0,0,0,0,0,0,0,0,0,0
id_i2khfyjez54i.wav,0,0,0,0,0,0,0,0,0,0,0,0
id_72jifoxqlcgn.wav,0,0,0,0,0,0,0,0,0,0,0,0
id_kz4ns684hlom.wav,0,0,0,0,0,0,0,0,0,0,0,0
id_p4tjkeqczi3w.wav,0,0,0,0,0,0,0,0,0,0,0,0
id_29qi51h5libn.wav,0,0,0,0,0,0,0,0,0,0,0,0
id_itj676ynnr60.wav,0,0,0,0,0,0,0,0,0,0,0,0
id_ii1b9rrbrbhu.wav,0,0,0,0,0,0,0,0,0,0,0,0
id_at9hqr6wk8qo.wav,0,0,0,0,0,0,0,0,0,0,0,0
id_mgl53sga2gvf.wav,0,0,0,0,0,0,0,0,0,0,0,0
id_7loy384pixol.wav,0,0,0,0,0,0,0,0,0,0,0,0
id_7jhvu0teczkw.wav,0,0,0,0,0,0,0,0,0,0,0,0
id_r8rrrfdivw3c.wav,0,0,0,0,0,0,0,0,0,0,0,0
id_wbwlph7d78te.wav,0,0,0,0,0,0,0,0,0,0,0,0
id_ylrroq7g3xma.wav,0,0,0,0,0,0,0,0,0,0,0,0
id_ktxvq4gwh0oe.wav,0,0,0,0,0,0,0,0,0,0,0,0
id_6wbtb9r784xk.wav,0,0,0,0,0,0,0,0,0,0,0,0
id_saczyjmbew60.wav,0,0,0,0,0,0,0,0,0,0,0,0
id_abo5lpudx8jb.wav,0,0,0,0,0,0,0,0,0,0,0,0
id_4fk5ol16ouoz.wav,0,0,0,0,0,0,0,0,0,0,0,0
id_w8ptc4tcdzhm.wav,0,0,0,0,0,0,0,0,0,0,0,0
id_okay692kcexz.wav,0,0,0,0,0,0,0,0,0,0,0,0
id_tna7hhofkut8.wav,0,0,0,0,0,0,0,0,0,0,0,0
id_6lrjnssyg1uj.wav,0,0,0,0,0,0,0,0,0,0,0,0
id_h1rx245ebebu.wav,0,0,0,0,0,0,0,0,0,0,0,0
id_e2cuz5hiwmje.wav,0,0,0,0,0,0,0,0,0,0,0,0
id_offt3shi4ghn.wav,0,0,0,0,0,0,0,0,0,0,0,0
id_hlwg7hje2auc.wav,0,0,0,0,0,0,0,0,0,0,0,0
id_hthj5jktomew.wav,0,0,0,0,0,0,0,0,0,0,0,0
id_q8ngfbumebx2.wav,0,0,0,0,0,0,0,0,0,0,0,0
id_dstpdwdiubmn.wav,0,0,0,0,0,0,0,0,0,0,0,0
id_kxyh72ppstix.wav,0,0,0,0,0,0,0,0,0,0,0,0
id_p1nf8l88t29f.wav,0,0,0,0,0,0,0,0,0,0,0,0
id_j335xqp5i3gd.wav,0,0,0,0,0,0,0,0,0,0,0,0
id_bi6jwu2bkg3u.wav,0,0,0,0,0,0,0,0,0,0,0,0
id_x5q5vdpp00mw.wav,0,0,0,0,0,0,0,0,0,0,0,0
id_x8kt6sbe2oa4.wav,0,0,0,0,0,0,0,0,0,0,0,0
id_brl7p6bwekgr.wav,0,0,0,0,0,0,0,0,0,0,0,0
id_7avsxdkdq1xj.wav,0,0,0,0,0,0,0,0,0,0,0,0
id_ujbtaypfb3he.wav,0,0,0,0,0,0,0,0,0,0,0,0
id_r2l0kn21iejw.wav,0,0,0,0,0,0,0,0,0,0,0,0
id_19itt2wn5ru5.wav,0,0,0,0,0,0,0,0,0,0,0,0
id_64lz5hwgf2yy.wav,0,0,0,0,0,0,0,0,0,0,0,0
id_hdppgvou79a0.wav,0,0,0,0,0,0,0,0,0,0,0,0
id_n1vinohsmyl1.wav,0,0,0,0,0,0,0,0,0,0,0,0
id_i0tsm3d2cfa9.wav,0,0,0,0,0,0,0,0,0,0,0,0
id_2c1u9p93s96j.wav,0,0,0,0,0,0,0,0,0,0,0,0
id_iurxkv6aohxn.wav,0,0,0,0,0,0,0,0,0,0,0,0
id_58b7gi75nhah.wav,0,0,0,0,0,0,0,0,0,0,0,0
id_4ubuz4w7fpna.wav,0,0,0,0,0,0,0,0,0,0,0,0
id_wlee1lbj7jay.wav,0,0,0,0,0,0,0,0,0,0,0,0
id_htmshbg0trj0.wav,0,0,0,0,0,0,0,0,0,0,0,0
id_vvvwd77f0f09.wav,0,0,0,0,0,0,0,0,0,0,0,0
id_30hwzytdci7p.wav,0,0,0,0,0,0,0,0,0,0,0,0
id_485936xkl9l7.wav,0,0,0,0,0,0,0,0,0,0,0,0
id_fq5t7bkovulx.wav,0,0,0,0,0,0,0,0,0,0,0,0
id_1zw2k5uved5e.wav,0,0,0,0,0,0,0,0,0,0,0,0
id_5flpsiqr8x28.wav,0,0,0,0,0,0,0,0,0,0,0,0
id_9vmsuq97iv9g.wav,0,0,0,0,0,0,0,0,0,0,0,0
id_7byf5yvvhulx.wav,0,0,0,0,0,0,0,0,0,0,0,0
id_265invgcl0ae.wav,0,0,0,0,0,0,0,0,0,0,0,0
id_pj3ny55x549o.wav,0,0,0,0,0,0,0,0,0,0,0,0
id_jpmq717xr47h.wav,0,0,0,0,0,0,0,0,0,0,0,0
id_76k0ek3rvlp0.wav,0,0,0,0,0,0,0,0,0,0,0,0
id_5la5som2je6o.wav,0,0,0,0,0,0,0,0,0,0,0,0
id_spevm8129t96.wav,0,0,0,0,0,0,0,0,0,0,0,0
id_wkjonwpvtxzw.wav,0,0,0,0,0,0,0,0,0,0,0,0
id_2qtiq9xrlpyq.wav,0,0,0,0,0,0,0,0,0,0,0,0
id_k61ykzgq95ws.wav,0,0,0,0,0,0,0,0,0,0,0,0
id_oz99yfydhpll.wav,0,0,0,0,0,0,0,0,0,0,0,0
id_2y4mvlljt3tu.wav,0,0,0,0,0,0,0,0,0,0,0,0
id_96hy7sdqxv4k.wav,0,0,0,0,0,0,0,0,0,0,0,0
id_gs1ai6hyh4qe.wav,0,0,0,0,0,0,0,0,0,0,0,0
id_8cwp5rlmbr7w.wav,0,0,0,0,0,0,0,0,0,0,0,0
id_4p84x5szmlbg.wav,0,0,0,0,0,0,0,0,0,0,0,0
id_phw9oqo52y2m.wav,0,0,0,0,0,0,0,0,0,0,0,0
id_d8g7af10uqtg.wav,0,0,0,0,0,0,0,0,0,0,0,0
id_59nzfljfgmni.wav,0,0,0,0,0,0,0,0,0,0,0,0
id_c9blcf2dd7uo.wav,0,0,0,0,0,0,0,0,0,0,0,0
id_s69nhus9rcik.wav,0,0,0,0,0,0,0,0,0,0,0,0
id_d84ju6mxcvkw.wav,0,0,0,0,0,0,0,0,0,0,0,0
id_ysy56qdc9k4w.wav,0,0,0,0,0,0,0,0,0,0,0,0
id_fwp6uchft79o.wav,0,0,0,0,0,0,0,0,0,0,0,0
id_750yafb9m07b.wav,0,0,0,0,0,0,0,0,0,0,0,0
id_79y98svjbuer.wav,0,0,0,0,0,0,0,0,0,0,0,0
id_y4ftcs5afobm.wav,0,0,0,0,0,0,0,0,0,0,0,0
id_67xz3rlh2sm6.wav,0,0,0,0,0,0,0,0,0,0,0,0
id_tlcp8r753dkq.wav,0,0,0,0,0,0,0,0,0,0,0,0
id_0was4oags5v5.wav,0,0,0,0,0,0,0,0,0,0,0,0
id_msym9r7fc0lo.wav,0,0,0,0,0,0,0,0,0,0,0,0
id_gnoa3vc26l17.wav,0,0,0,0,0,0,0,0,0,0,0,0
id_98dr6sdcfjxp.wav,0,0,0,0,0,0,0,0,0,0,0,0
id_zdsez6isiqj6.wav,0,0,0,0,0,0,0,0,0,0,0,0
id_tyouzndktnp1.wav,0,0,0,0,0,0,0,0,0,0,0,0
id_m0vf5niizfch.wav,0,0,0,0,0,0,0,0,0,0,0,0
id_8jv0hgdiejjl.wav,0,0,0,0,0,0,0,0,0,0,0,0
id_x9ijhq9qyubu.wav,0,0,0,0,0,0,0,0,0,0,0,0
id_vfmrce4tld9j.wav,0,0,0,0,0,0,0,0,0,0,0,0
id_ztbmm0ay3yxx.wav,0,0,0,0,0,0,0,0,0,0,0,0
id_j62v0xcdl9pi.wav,0,0,0,0,0,0,0,0,0,0,0,0
id_65wksqe63s6g.wav,0,0,0,0,0,0,0,0,0,0,0,0
id_3bqyfcxwnnqt.wav,0,0,0,0,0,0,0,0,0,0,0,0
id_4ctbewqhvtx2.wav,0,0,0,0,0,0,0,0,0,0,0,0
id_n7hh6v5i1qr8.wav,0,0,0,0,0,0,0,0,0,0,0,0
id_jf5ph9pnfttk.wav,0,0,0,0,0,0,0,0,0,0,0,0
id_r4sly5uls661.wav,0,0,0,0,0,0,0,0,0,0,0,0
id_an2hxhbl8fy9.wav,0,0,0,0,0,0,0,0,0,0,0,0
id_roqpgjhb0ucg.wav,0,0,0,0,0,0,0,0,0,0,0,0
id_dw9gj50qrlbv.wav,0,0,0,0,0,0,0,0,0,0,0,0
id_8l0brll9nz5q.wav,0,0,0,0,0,0,0,0,0,0,0,0
id_r3dkvcqt7e9p.wav,0,0,0,0,0,0,0,0,0,0,0,0
id_oekgh7qpalut.wav,0,0,0,0,0,0,0,0,0,0,0,0
id_u13gfgab8j06.wav,0,0,0,0,0,0,0,0,0,0,0,0
id_p5akksdj7fij.wav,0,0,0,0,0,0,0,0,0,0,0,0
id_op0yztx2ioeh.wav,0,0,0,0,0,0,0,0,0,0,0,0
id_84z464jy0b2k.wav,0,0,0,0,0,0,0,0,0,0,0,0
id_umeqsf7yxqf9.wav,0,0,0,0,0,0,0,0,0,0,0,0
id_oauutvk2firr.wav,0,0,0,0,0,0,0,0,0,0,0,0
id_gf08l0wst789.wav,0,0,0,0,0,0,0,0,0,0,0,0
id_exc4aiyn0zuu.wav,0,0,0,0,0,0,0,0,0,0,0,0
id_ak1mo7wx4p60.wav,0,0,0,0,0,0,0,0,0,0,0,0
id_t6nzpiaeje5g.wav,0,0,0,0,0,0,0,0,0,0,0,0
id_meeab8o0tn8l.wav,0,0,0,0,0,0,0,0,0,0,0,0
id_x4evv3iphg3e.wav,0,0,0,0,0,0,0,0,0,0,0,0
id_egpt2x81u24a.wav,0,0,0,0,0,0,0,0,0,0,0,0
id_qi4u8varho7u.wav,0,0,0,0,0,0,0,0,0,0,0,0
id_f4w7gpzo5084.wav,0,0,0,0,0,0,0,0,0,0,0,0
id_ix3k7zbglk67.wav,0,0,0,0,0,0,0,0,0,0,0,0
id_6rafhfow32vc.wav,0,0,0,0,0,0,0,0,0,0,0,0
id_4c4vjo1bwt8z.wav,0,0,0,0,0,0,0,0,0,0,0,0
id_5jwswjny32n5.wav,0,0,0,0,0,0,0,0,0,0,0,0
id_0de1bter74l7.wav,0,0,0,0,0,0,0,0,0,0,0,0
id_4gkr0khqhcu1.wav,0,0,0,0,0,0,0,0,0,0,0,0
id_pma99nhzp875.wav,0,0,0,0,0,0,0,0,0,0,0,0
id_y0nsf46x3bki.wav,0,0,0,0,0,0,0,0,0,0,0,0
id_c1wqcvnv0sgj.wav,0,0,0,0,0,0,0,0,0,0,0,0
id_3uav80qqrhp4.wav,0,0,0,0,0,0,0,0,0,0,0,0
id_1tkbrahaqns3.wav,0,0,0,0,0,0,0,0,0,0,0,0
id_bgs7f0ym7e63.wav,0,0,0,0,0,0,0,0,0,0,0,0
id_vux0xplzwunh.wav,0,0,0,0,0,0,0,0,0,0,0,0
id_98jyu1akozn8.wav,0,0,0,0,0,0,0,0,0,0,0,0
id_1jzg5yeb510j.wav,0,0,0,0,0,0,0,0,0,0,0,0
id_ky96cnn04r18.wav,0,0,0,0,0,0,0,0,0,0,0,0
id_izjnypcqdyli.wav,0,0,0,0,0,0,0,0,0,0,0,0
id_xb16663q8zjc.wav,0,0,0,0,0,0,0,0,0,0,0,0
id_jppoztsh093s.wav,0,0,0,0,0,0,0,0,0,0,0,0
id_n5wtini866oq.wav,0,0,0,0,0,0,0,0,0,0,0,0
id_emt31ojgziis.wav,0,0,0,0,0,0,0,0,0,0,0,0
id_5d0k29cmojkb.wav,0,0,0,0,0,0,0,0,0,0,0,0
id_b8r4r08b7ol2.wav,0,0,0,0,0,0,0,0,0,0,0,0
id_3dknv1z2ecmp.wav,0,0,0,0,0,0,0,0,0,0,0,0
id_f1tg0pny7yc3.wav,0,0,0,0,0,0,0,0,0,0,0,0
id_9zflkg02vda8.wav,0,0,0,0,0,0,0,0,0,0,0,0
id_xp1l6pvd5fpz.wav,0,0,0,0,0,0,0,0,0,0,0,0
id_k2tj061ccjiy.wav,0,0,0,0,0,0,0,0,0,0,0,0
id_m57rxqnygwbt.wav,0,0,0,0,0,0,0,0,0,0,0,0
id_tcirq0d55nvu.wav,0,0,0,0,0,0,0,0,0,0,0,0
id_vcw8exhelycp.wav,0,0,0,0,0,0,0,0,0,0,0,0
id_jw0is92m26lk.wav,0,0,0,0,0,0,0,0,0,0,0,0
id_jqcx4ahyei1k.wav,0,0,0,0,0,0,0,0,0,0,0,0
id_9cwowk7v6tuq.wav,0,0,0,0,0,0,0,0,0,0,0,0
id_hi8etoyrnzj5.wav,0,0,0,0,0,0,0,0,0,0,0,0
id_gmchkccm0mpi.wav,0,0,0,0,0,0,0,0,0,0,0,0
id_26k4aktdlr7a.wav,0,0,0,0,0,0,0,0,0,0,0,0
id_r24stmgg003b.wav,0,0,0,0,0,0,0,0,0,0,0,0
id_poix5vcuckr2.wav,0,0,0,0,0,0,0,0,0,0,0,0
id_gk8vskiagsb1.wav,0,0,0,0,0,0,0,0,0,0,0,0
id_1lvgimdli554.wav,0,0,0,0,0,0,0,0,0,0,0,0
id_5o0sgdxv334a.wav,0,0,0,0,0,0,0,0,0,0,0,0
id_czkffmefp02m.wav,0,0,0,0,0,0,0,0,0,0,0,0
id_hq76zpnzmnkv.wav,0,0,0,0,0,0,0,0,0,0,0,0
id_89ymka2h8g5c.wav,0,0,0,0,0,0,0,0,0,0,0,0
id_lf68r4svwk9k.wav,0,0,0,0,0,0,0,0,0,0,0,0
id_utcmxj1gi4wa.wav,0,0,0,0,0,0,0,0,0,0,0,0
id_5ebe8mfxib9c.wav,0,0,0,0,0,0,0,0,0,0,0,0
id_ub453gzrnv3p.wav,0,0,0,0,0,0,0,0,0,0,0,0
id_56fkqh38jw68.wav,0,0,0,0,0,0,0,0,0,0,0,0
id_vbapff4lcl0q.wav,0,0,0,0,0,0,0,0,0,0,0,0
id_j7a3r5fjkkh8.wav,0,0,0,0,0,0,0,0,0,0,0,0
id_dkvblp4f7tbe.wav,0,0,0,0,0,0,0,0,0,0,0,0
id_e4iz2omrwd2d.wav,0,0,0,0,0,0,0,0,0,0,0,0
id_sqwtj7s4tx4i.wav,0,0,0,0,0,0,0,0,0,0,0,0
id_q5u1m1yhg38c.wav,0,0,0,0,0,0,0,0,0,0,0,0
id_uzem10eusrza.wav,0,0,0,0,0,0,0,0,0,0,0,0
id_48g66vxgxnqd.wav,0,0,0,0,0,0,0,0,0,0,0,0
id_1kimv5jnay69.wav,0,0,0,0,0,0,0,0,0,0,0,0
id_t9anh4h4oxy5.wav,0,0,0,0,0,0,0,0,0,0,0,0
id_kptg32y6kry6.wav,0,0,0,0,0,0,0,0,0,0,0,0
id_opneu3p5n7x4.wav,0,0,0,0,0,0,0,0,0,0,0,0
id_8qm7misj0dqs.wav,0,0,0,0,0,0,0,0,0,0,0,0
id_b6yjr5paviix.wav,0,0,0,0,0,0,0,0,0,0,0,0
id_x5d8wlmr0fgd.wav,0,0,0,0,0,0,0,0,0,0,0,0
id_2fe9lbddy7vf.wav,0,0,0,0,0,0,0,0,0,0,0,0
id_k9sgnd3xlisw.wav,0,0,0,0,0,0,0,0,0,0,0,0
id_9htbsb9fuiam.wav,0,0,0,0,0,0,0,0,0,0,0,0
id_m1bvdt3petwk.wav,0,0,0,0,0,0,0,0,0,0,0,0
id_egwuh6g78ewp.wav,0,0,0,0,0,0,0,0,0,0,0,0
id_npefeb0b0hfy.wav,0,0,0,0,0,0,0,0,0,0,0,0
id_drvgov0qmc5t.wav,0,0,0,0,0,0,0,0,0,0,0,0
id_n459qr99d18z.wav,0,0,0,0,0,0,0,0,0,0,0,0
id_rzq8jkyaprdf.wav,0,0,0,0,0,0,0,0,0,0,0,0
id_pwri17ca77mi.wav,0,0,0,0,0,0,0,0,0,0,0,0
id_wudkzjkwfi3j.wav,0,0,0,0,0,0,0,0,0,0,0,0
id_hcbie3bk4ymb.wav,0,0,0,0,0,0,0,0,0,0,0,0
id_5fy94x64e2o4.wav,0,0,0,0,0,0,0,0,0,0,0,0
id_f6xph8lby9eg.wav,0,0,0,0,0,0,0,0,0,0,0,0
id_5dqq7nwek9xh.wav,0,0,0,0,0,0,0,0,0,0,0,0
id_cthu5h6b1h96.wav,0,0,0,0,0,0,0,0,0,0,0,0
id_a2eg41wvoyyr.wav,0,0,0,0,0,0,0,0,0,0,0,0
id_cnd9r3m5ehbk.wav,0,0,0,0,0,0,0,0,0,0,0,0
id_hg78fsjgfz2b.wav,0,0,0,0,0,0,0,0,0,0,0,0
id_9osh20jd9gi1.wav,0,0,0,0,0,0,0,0,0,0,0,0
id_pb9n0c89wf7z.wav,0,0,0,0,0,0,0,0,0,0,0,0
id_82gvgrecnqt2.wav,0,0,0,0,0,0,0,0,0,0,0,0
id_xzxke71fb1rf.wav,0,0,0,0,0,0,0,0,0,0,0,0
id_i8rmqjb0fjqg.wav,0,0,0,0,0,0,0,0,0,0,0,0
id_42e0i388p443.wav,0,0,0,0,0,0,0,0,0,0,0,0
id_2u8gyoptv5p3.wav,0,0,0,0,0,0,0,0,0,0,0,0
id_0qrr7cm40muf.wav,0,0,0,0,0,0,0,0,0,0,0,0
id_ek4m00yatsr9.wav,0,0,0,0,0,0,0,0,0,0,0,0
id_49p80rq4n2nq.wav,0,0,0,0,0,0,0,0,0,0,0,0
id_gp37d78gbevu.wav,0,0,0,0,0,0,0,0,0,0,0,0
id_5qocts22lb1q.wav,0,0,0,0,0,0,0,0,0,0,0,0
id_z6jo4q486ysc.wav,0,0,0,0,0,0,0,0,0,0,0,0
id_r8ceo1xpmx1u.wav,0,0,0,0,0,0,0,0,0,0,0,0
id_5tbuehz95kfo.wav,0,0,0,0,0,0,0,0,0,0,0,0
id_m2xgrmm1a0ki.wav,0,0,0,0,0,0,0,0,0,0,0,0
id_bmb90macnrtq.wav,0,0,0,0,0,0,0,0,0,0,0,0
id_efena0ojddvi.wav,0,0,0,0,0,0,0,0,0,0,0,0
id_hhkmotre5baw.wav,0,0,0,0,0,0,0,0,0,0,0,0
id_ddteb5xontpe.wav,0,0,0,0,0,0,0,0,0,0,0,0
id_9pxmqd4jnwyp.wav,0,0,0,0,0,0,0,0,0,0,0,0
id_qsqkwj001z9v.wav,0,0,0,0,0,0,0,0,0,0,0,0
id_aq15zqtcchei.wav,0,0,0,0,0,0,0,0,0,0,0,0
id_6xpxbi0w3sk5.wav,0,0,0,0,0,0,0,0,0,0,0,0
id_g5bc5455nfqu.wav,0,0,0,0,0,0,0,0,0,0,0,0
id_zr74496dx0j9.wav,0,0,0,0,0,0,0,0,0,0,0,0
id_h9ot8555w8wp.wav,0,0,0,0,0,0,0,0,0,0,0,0
id_7b5pkfcr6hfe.wav,0,0,0,0,0,0,0,0,0,0,0,0
id_t7gb65kup9ig.wav,0,0,0,0,0,0,0,0,0,0,0,0
id_mq8l4s2j8l4l.wav,0,0,0,0,0,0,0,0,0,0,0,0
id_n0zx4j9zng3z.wav,0,0,0,0,0,0,0,0,0,0,0,0
id_4hg80wtungou.wav,0,0,0,0,0,0,0,0,0,0,0,0
id_4aa20l0zfrwx.wav,0,0,0,0,0,0,0,0,0,0,0,0
id_5vp5a7ptbzkp.wav,0,0,0,0,0,0,0,0,0,0,0,0
id_adcxydnvb6ow.wav,0,0,0,0,0,0,0,0,0,0,0,0
id_bkrg800hj6g9.wav,0,0,0,0,0,0,0,0,0,0,0,0
id_evmafjzby4xf.wav,0,0,0,0,0,0,0,0,0,0,0,0
id_6wuf1v0ya5h8.wav,0,0,0,0,0,0,0,0,0,0,0,0
id_akyfx94fb9kt.wav,0,0,0,0,0,0,0,0,0,0,0,0
id_xm6gdhbej7ik.wav,0,0,0,0,0,0,0,0,0,0,0,0
id_2q1qltubtqb1.wav,0,0,0,0,0,0,0,0,0,0,0,0
id_185aek1o6y0l.wav,0,0,0,0,0,0,0,0,0,0,0,0
id_0e9ye5jedbgz.wav,0,0,0,0,0,0,0,0,0,0,0,0
id_naij0m67ae4u.wav,0,0,0,0,0,0,0,0,0,0,0,0
id_p0x6i4klsp5a.wav,0,0,0,0,0,0,0,0,0,0,0,0
id_vfjc07rizci9.wav,0,0,0,0,0,0,0,0,0,0,0,0
id_kpvwukk6w8vh.wav,0,0,0,0,0,0,0,0,0,0,0,0
id_ltofxrgy6kb5.wav,0,0,0,0,0,0,0,0,0,0,0,0
id_e7ihrl7053ee.wav,0,0,0,0,0,0,0,0,0,0,0,0
id_ekwu5fe5upn1.wav,0,0,0,0,0,0,0,0,0,0,0,0
id_6m1qdx2n1gr8.wav,0,0,0,0,0,0,0,0,0,0,0,0
id_lvnqaivw9i8s.wav,0,0,0,0,0,0,0,0,0,0,0,0
id_n4sdn6bboiny.wav,0,0,0,0,0,0,0,0,0,0,0,0
id_i7qmcac4iym7.wav,0,0,0,0,0,0,0,0,0,0,0,0
id_btgn6b1qyc3c.wav,0,0,0,0,0,0,0,0,0,0,0,0
id_2ashdzu51u8q.wav,0,0,0,0,0,0,0,0,0,0,0,0
id_dhhdthf5bmok.wav,0,0,0,0,0,0,0,0,0,0,0,0
id_bm4hqedacdyn.wav,0,0,0,0,0,0,0,0,0,0,0,0
id_y0ltp76o2dc1.wav,0,0,0,0,0,0,0,0,0,0,0,0
id_t2d94h3bir6f.wav,0,0,0,0,0,0,0,0,0,0,0,0
id_1n88swbw6du6.wav,0,0,0,0,0,0,0,0,0,0,0,0
id_6x54l6f511q8.wav,0,0,0,0,0,0,0,0,0,0,0,0
id_29r26bbkuuhg.wav,0,0,0,0,0,0,0,0,0,0,0,0
id_rhc2k581rxbb.wav,0,0,0,0,0,0,0,0,0,0,0,0
id_8yonsrgr5wo3.wav,0,0,0,0,0,0,0,0,0,0,0,0
id_vpjqflnwoc4s.wav,0,0,0,0,0,0,0,0,0,0,0,0
id_1k05x2vpmd7u.wav,0,0,0,0,0,0,0,0,0,0,0,0
id_59gyse43txsd.wav,0,0,0,0,0,0,0,0,0,0,0,0
id_ji10btcpnvtw.wav,0,0,0,0,0,0,0,0,0,0,0,0
id_ebg81e4ja3sl.wav,0,0,0,0,0,0,0,0,0,0,0,0
id_i7sjouhh9qnm.wav,0,0,0,0,0,0,0,0,0,0,0,0
id_2x1570bl3m6v.wav,0,0,0,0,0,0,0,0,0,0,0,0
id_2n5vpq1a195i.wav,0,0,0,0,0,0,0,0,0,0,0,0
id_fsbpgqs81v9q.wav,0,0,0,0,0,0,0,0,0,0,0,0
id_fecvb8n654me.wav,0,0,0,0,0,0,0,0,0,0,0,0
id_v0athfuzjewv.wav,0,0,0,0,0,0,0,0,0,0,0,0
id_w27lskj0gc5a.wav,0,0,0,0,0,0,0,0,0,0,0,0
id_mv1a1edgnb8k.wav,0,0,0,0,0,0,0,0,0,0,0,0
id_ksi0zozh45h9.wav,0,0,0,0,0,0,0,0,0,0,0,0
id_l1sj7grjmun0.wav,0,0,0,0,0,0,0,0,0,0,0,0
id_d8ve4j8hffmu.wav,0,0,0,0,0,0,0,0,0,0,0,0
id_92qg9s5iry3j.wav,0,0,0,0,0,0,0,0,0,0,0,0
id_lcfssskwld4h.wav,0,0,0,0,0,0,0,0,0,0,0,0
id_x48uzgefbzj5.wav,0,0,0,0,0,0,0,0,0,0,0,0
id_pychpryveeou.wav,0,0,0,0,0,0,0,0,0,0,0,0
id_0v55do2ogylx.wav,0,0,0,0,0,0,0,0,0,0,0,0
id_lo36i65ccmyu.wav,0,0,0,0,0,0,0,0,0,0,0,0
id_t9uflpr1044l.wav,0,0,0,0,0,0,0,0,0,0,0,0
id_4e1kvmb1x4fi.wav,0,0,0,0,0,0,0,0,0,0,0,0
id_9hvtw4f6bifo.wav,0,0,0,0,0,0,0,0,0,0,0,0
id_7penwq58hkw3.wav,0,0,0,0,0,0,0,0,0,0,0,0
id_gwllbixg82ve.wav,0,0,0,0,0,0,0,0,0,0,0,0
id_psq96004ihu2.wav,0,0,0,0,0,0,0,0,0,0,0,0
id_nngv7wbf6iaz.wav,0,0,0,0,0,0,0,0,0,0,0,0
id_u4rvobnl0afw.wav,0,0,0,0,0,0,0,0,0,0,0,0
id_p73jli0jwmlq.wav,0,0,0,0,0,0,0,0,0,0,0,0
id_ak8r4p8h9x7z.wav,0,0,0,0,0,0,0,0,0,0,0,0
id_9u17mhnffml9.wav,0,0,0,0,0,0,0,0,0,0,0,0
id_w76vxn335gvc.wav,0,0,0,0,0,0,0,0,0,0,0,0
id_g2uxmnx1fmso.wav,0,0,0,0,0,0,0,0,0,0,0,0
id_vyz7mmr6o4td.wav,0,0,0,0,0,0,0,0,0,0,0,0
id_b7jgp3d0ys27.wav,0,0,0,0,0,0,0,0,0,0,0,0
id_wrvger5psu8w.wav,0,0,0,0,0,0,0,0,0,0,0,0
id_5higt2dk16jq.wav,0,0,0,0,0,0,0,0,0,0,0,0
id_iiw71nadasec.wav,0,0,0,0,0,0,0,0,0,0,0,0
id_m5j7mopq9i3c.wav,0,0,0,0,0,0,0,0,0,0,0,0
id_xd46sirlsza5.wav,0,0,0,0,0,0,0,0,0,0,0,0
id_dftz7u1o3nvj.wav,0,0,0,0,0,0,0,0,0,0,0,0
id_erltp0ifas0l.wav,0,0,0,0,0,0,0,0,0,0,0,0
id_phz4zogzuoil.wav,0,0,0,0,0,0,0,0,0,0,0,0
id_27rxtz1bz5kn.wav,0,0,0,0,0,0,0,0,0,0,0,0
id_f4ho6oi3dq37.wav,0,0,0,0,0,0,0,0,0,0,0,0
id_61lrndrkdw5c.wav,0,0,0,0,0,0,0,0,0,0,0,0
id_tqawfqjmswjv.wav,0,0,0,0,0,0,0,0,0,0,0,0
id_36hi0qtpy63y.wav,0,0,0,0,0,0,0,0,0,0,0,0
id_89ihfmxvb6sp.wav,0,0,0,0,0,0,0,0,0,0,0,0
id_gc0kdm9n52jc.wav,0,0,0,0,0,0,0,0,0,0,0,0
id_5mlg53fpzwn5.wav,0,0,0,0,0,0,0,0,0,0,0,0
id_jr6ewpn5tdmu.wav,0,0,0,0,0,0,0,0,0,0,0,0
id_3c6qpiggf2ig.wav,0,0,0,0,0,0,0,0,0,0,0,0
id_tehhg1iocfrd.wav,0,0,0,0,0,0,0,0,0,0,0,0
id_i5e9pjwa5tle.wav,0,0,0,0,0,0,0,0,0,0,0,0
id_zd92r3nuvero.wav,0,0,0,0,0,0,0,0,0,0,0,0
id_f9zq64ma2tkl.wav,0,0,0,0,0,0,0,0,0,0,0,0
id_9dwkxf4uqwzg.wav,0,0,0,0,0,0,0,0,0,0,0,0
id_783riwvl440v.wav,0,0,0,0,0,0,0,0,0,0,0,0
id_gj4gafdg63lp.wav,0,0,0,0,0,0,0,0,0,0,0,0
id_v8aoltkyw3od.wav,0,0,0,0,0,0,0,0,0,0,0,0
id_4ycf0nwukao9.wav,0,0,0,0,0,0,0,0,0,0,0,0
id_f9ahdf79b8i7.wav,0,0,0,0,0,0,0,0,0,0,0,0
id_0c3t591bj9qq.wav,0,0,0,0,0,0,0,0,0,0,0,0
id_u8qmdzo8g262.wav,0,0,0,0,0,0,0,0,0,0,0,0
id_b44uxy8ayhyd.wav,0,0,0,0,0,0,0,0,0,0,0,0
id_hdewponybcit.wav,0,0,0,0,0,0,0,0,0,0,0,0
id_y60b5tpx6993.wav,0,0,0,0,0,0,0,0,0,0,0,0
id_hd6fz91o22hm.wav,0,0,0,0,0,0,0,0,0,0,0,0
id_3djen02ogj86.wav,0,0,0,0,0,0,0,0,0,0,0,0
id_p2a4zelv4x8a.wav,0,0,0,0,0,0,0,0,0,0,0,0
id_pa7qdxtwux9t.wav,0,0,0,0,0,0,0,0,0,0,0,0
id_bhl77xjodbxk.wav,0,0,0,0,0,0,0,0,0,0,0,0
id_mmizl4zqgcs9.wav,0,0,0,0,0,0,0,0,0,0,0,0
id_9gfpq5ddmayi.wav,0,0,0,0,0,0,0,0,0,0,0,0
id_w3dld49wvz5p.wav,0,0,0,0,0,0,0,0,0,0,0,0
id_puchlrkc9plf.wav,0,0,0,0,0,0,0,0,0,0,0,0
id_qdui1z09uofg.wav,0,0,0,0,0,0,0,0,0,0,0,0
id_9ub463qvowsc.wav,0,0,0,0,0,0,0,0,0,0,0,0
id_kayygwago6jg.wav,0,0,0,0,0,0,0,0,0,0,0,0
id_6zc22tj6bxko.wav,0,0,0,0,0,0,0,0,0,0,0,0
id_gu7ltdmpfrt9.wav,0,0,0,0,0,0,0,0,0,0,0,0
id_6fxzog7fdtps.wav,0,0,0,0,0,0,0,0,0,0,0,0
id_lyp4qeghkaoa.wav,0,0,0,0,0,0,0,0,0,0,0,0
id_gsjgn5ye9wlw.wav,0,0,0,0,0,0,0,0,0,0,0,0
id_gbmrvcy79bqw.wav,0,0,0,0,0,0,0,0,0,0,0,0
id_uak71b6wvvb0.wav,0,0,0,0,0,0,0,0,0,0,0,0
id_mr11xv9l4g1u.wav,0,0,0,0,0,0,0,0,0,0,0,0
id_ioh46taam8do.wav,0,0,0,0,0,0,0,0,0,0,0,0
id_f44zyixf63fu.wav,0,0,0,0,0,0,0,0,0,0,0,0
id_0f8w8bkvaxsa.wav,0,0,0,0,0,0,0,0,0,0,0,0
id_klto9ezo1ah5.wav,0,0,0,0,0,0,0,0,0,0,0,0
id_u0fmen8a462k.wav,0,0,0,0,0,0,0,0,0,0,0,0
id_n96kqw8vduj3.wav,0,0,0,0,0,0,0,0,0,0,0,0
id_29ouwmtn97lo.wav,0,0,0,0,0,0,0,0,0,0,0,0
id_97i0e4hkfynn.wav,0,0,0,0,0,0,0,0,0,0,0,0
id_47v3vwv9poxc.wav,0,0,0,0,0,0,0,0,0,0,0,0
id_z4gr2l5zkvcq.wav,0,0,0,0,0,0,0,0,0,0,0,0
id_e8atic3drhmv.wav,0,0,0,0,0,0,0,0,0,0,0,0
id_y6zlfawd7aby.wav,0,0,0,0,0,0,0,0,0,0,0,0
id_0bhls657apyz.wav,0,0,0,0,0,0,0,0,0,0,0,0
id_rmygh536vtlr.wav,0,0,0,0,0,0,0,0,0,0,0,0
id_jes6radrf3pi.wav,0,0,0,0,0,0,0,0,0,0,0,0
id_7rd6mflsxte3.wav,0,0,0,0,0,0,0,0,0,0,0,0
id_yqr89tnnn71q.wav,0,0,0,0,0,0,0,0,0,0,0,0
id_1rznmay6m1ib.wav,0,0,0,0,0,0,0,0,0,0,0,0
id_ftd17j110q1g.wav,0,0,0,0,0,0,0,0,0,0,0,0
id_dkyqxirqr00n.wav,0,0,0,0,0,0,0,0,0,0,0,0
id_pp8sq7yvqng4.wav,0,0,0,0,0,0,0,0,0,0,0,0
id_rclubijvpzo1.wav,0,0,0,0,0,0,0,0,0,0,0,0
id_pwk8oc0pok53.wav,0,0,0,0,0,0,0,0,0,0,0,0
id_2aa791erplfz.wav,0,0,0,0,0,0,0,0,0,0,0,0
id_pojcxw86bz6l.wav,0,0,0,0,0,0,0,0,0,0,0,0
id_re8tlo14e911.wav,0,0,0,0,0,0,0,0,0,0,0,0
id_08g91zekfgun.wav,0,0,0,0,0,0,0,0,0,0,0,0
id_bb1k69dy068k.wav,0,0,0,0,0,0,0,0,0,0,0,0
id_6rz0rhjag2zp.wav,0,0,0,0,0,0,0,0,0,0,0,0
id_9jtifv2bju6z.wav,0,0,0,0,0,0,0,0,0,0,0,0
id_adm3a8jmq802.wav,0,0,0,0,0,0,0,0,0,0,0,0
id_fflcint1175t.wav,0,0,0,0,0,0,0,0,0,0,0,0
id_j4kqlmsyem3g.wav,0,0,0,0,0,0,0,0,0,0,0,0
id_2b8s27y50frt.wav,0,0,0,0,0,0,0,0,0,0,0,0
id_kzl6afpp503y.wav,0,0,0,0,0,0,0,0,0,0,0,0
id_tp5ozdst1e3o.wav,0,0,0,0,0,0,0,0,0,0,0,0
id_wtbp8aw95pvd.wav,0,0,0,0,0,0,0,0,0,0,0,0
id_jbffeczutn8u.wav,0,0,0,0,0,0,0,0,0,0,0,0
id_xefmgg6qjm1i.wav,0,0,0,0,0,0,0,0,0,0,0,0
id_1ft0l2s50q4n.wav,0,0,0,0,0,0,0,0,0,0,0,0
id_juq28dko5zq0.wav,0,0,0,0,0,0,0,0,0,0,0,0
id_gvuz9k5de6u1.wav,0,0,0,0,0,0,0,0,0,0,0,0
id_2esyqdd6b9c4.wav,0,0,0,0,0,0,0,0,0,0,0,0
id_lfxiq11pdvf2.wav,0,0,0,0,0,0,0,0,0,0,0,0
id_1ramqayxnuo1.wav,0,0,0,0,0,0,0,0,0,0,0,0
id_v0iu2pearfip.wav,0,0,0,0,0,0,0,0,0,0,0,0
id_kec8geleangk.wav,0,0,0,0,0,0,0,0,0,0,0,0
id_97cjt1hpp7ze.wav,0,0,0,0,0,0,0,0,0,0,0,0
id_a1o2kqu9vckp.wav,0,0,0,0,0,0,0,0,0,0,0,0
id_98opywj8kk18.wav,0,0,0,0,0,0,0,0,0,0,0,0
id_vjufoz7q08xu.wav,0,0,0,0,0,0,0,0,0,0,0,0
id_hj79ihifwmeu.wav,0,0,0,0,0,0,0,0,0,0,0,0
id_xku26j2npqwf.wav,0,0,0,0,0,0,0,0,0,0,0,0
id_g3ezg5pv8q3q.wav,0,0,0,0,0,0,0,0,0,0,0,0
id_5n4dt1sq9fts.wav,0,0,0,0,0,0,0,0,0,0,0,0
id_67tb19yso9hk.wav,0,0,0,0,0,0,0,0,0,0,0,0
id_76c0bux66wbr.wav,0,0,0,0,0,0,0,0,0,0,0,0
id_zzvoreklhaiy.wav,0,0,0,0,0,0,0,0,0,0,0,0
id_l5lu25pi21h7.wav,0,0,0,0,0,0,0,0,0,0,0,0
id_sbf6lxedt9c3.wav,0,0,0,0,0,0,0,0,0,0,0,0
id_02g6yibmqvvm.wav,0,0,0,0,0,0,0,0,0,0,0,0
id_0g521bqv8u4u.wav,0,0,0,0,0,0,0,0,0,0,0,0
id_euqhhmfucg2y.wav,0,0,0,0,0,0,0,0,0,0,0,0
id_hd0muavvh0uy.wav,0,0,0,0,0,0,0,0,0,0,0,0
id_7uv8d7w4ehqu.wav,0,0,0,0,0,0,0,0,0,0,0,0
id_np3adur81xxj.wav,0,0,0,0,0,0,0,0,0,0,0,0
id_gvxbpy4nh4o0.wav,0,0,0,0,0,0,0,0,0,0,0,0
id_nlbslhqxnqn2.wav,0,0,0,0,0,0,0,0,0,0,0,0
id_7mbc2zpdgif7.wav,0,0,0,0,0,0,0,0,0,0,0,0
id_zp3gfovu20tk.wav,0,0,0,0,0,0,0,0,0,0,0,0
id_35y2b7clafct.wav,0,0,0,0,0,0,0,0,0,0,0,0
id_de3zpbtl87lx.wav,0,0,0,0,0,0,0,0,0,0,0,0
id_4prxyz34m6si.wav,0,0,0,0,0,0,0,0,0,0,0,0
id_bu8ciofmxryg.wav,0,0,0,0,0,0,0,0,0,0,0,0
id_s3yzyhobjc1c.wav,0,0,0,0,0,0,0,0,0,0,0,0
id_bwkxnkq0tsue.wav,0,0,0,0,0,0,0,0,0,0,0,0
id_a0tbuwnszf6k.wav,0,0,0,0,0,0,0,0,0,0,0,0
id_6q43qzba98m8.wav,0,0,0,0,0,0,0,0,0,0,0,0
id_okrca0rli44l.wav,0,0,0,0,0,0,0,0,0,0,0,0
id_23xh2loucwc6.wav,0,0,0,0,0,0,0,0,0,0,0,0
id_90j52uxzak8p.wav,0,0,0,0,0,0,0,0,0,0,0,0
id_squd5i9tp01s.wav,0,0,0,0,0,0,0,0,0,0,0,0
id_vv8k9hhglghh.wav,0,0,0,0,0,0,0,0,0,0,0,0
id_6ivm4xwjqn53.wav,0,0,0,0,0,0,0,0,0,0,0,0
id_xjbpsqvi9a0c.wav,0,0,0,0,0,0,0,0,0,0,0,0
id_a9i75vy7jirw.wav,0,0,0,0,0,0,0,0,0,0,0,0
id_dxjb7e9ztay2.wav,0,0,0,0,0,0,0,0,0,0,0,0
id_opj7hdkaib4u.wav,0,0,0,0,0,0,0,0,0,0,0,0
id_ofpl7b2n4t52.wav,0,0,0,0,0,0,0,0,0,0,0,0
id_8h099yjafdec.wav,0,0,0,0,0,0,0,0,0,0,0,0
id_c0n46n77hkzt.wav,0,0,0,0,0,0,0,0,0,0,0,0
id_2ervd9tqmhi2.wav,0,0,0,0,0,0,0,0,0,0,0,0
id_gm2rtw76qet5.wav,0,0,0,0,0,0,0,0,0,0,0,0
id_z8d3110m104c.wav,0,0,0,0,0,0,0,0,0,0,0,0
id_pv3bcbtul6au.wav,0,0,0,0,0,0,0,0,0,0,0,0
id_0ol3vnfma364.wav,0,0,0,0,0,0,0,0,0,0,0,0
id_okrwt2n08j45.wav,0,0,0,0,0,0,0,0,0,0,0,0
id_n67fape08wed.wav,0,0,0,0,0,0,0,0,0,0,0,0
id_tt94d1rgdgny.wav,0,0,0,0,0,0,0,0,0,0,0,0
id_2u7m2lnihoes.wav,0,0,0,0,0,0,0,0,0,0,0,0
id_fg3xqcyi725w.wav,0,0,0,0,0,0,0,0,0,0,0,0
id_i316g5s7z3sy.wav,0,0,0,0,0,0,0,0,0,0,0,0
id_edleuq0p7af2.wav,0,0,0,0,0,0,0,0,0,0,0,0
id_h079i9nuil8t.wav,0,0,0,0,0,0,0,0,0,0,0,0
id_1n41hfzmrfu0.wav,0,0,0,0,0,0,0,0,0,0,0,0
id_2h5hf9m7yzfo.wav,0,0,0,0,0,0,0,0,0,0,0,0
id_nxadgrpofakt.wav,0,0,0,0,0,0,0,0,0,0,0,0
id_j7xz4snph7rk.wav,0,0,0,0,0,0,0,0,0,0,0,0
id_z2zv5cwzq0vv.wav,0,0,0,0,0,0,0,0,0,0,0,0
id_jxdilmx2joev.wav,0,0,0,0,0,0,0,0,0,0,0,0
id_onmfkvbdr3fu.wav,0,0,0,0,0,0,0,0,0,0,0,0
id_g7lewy6l9e3y.wav,0,0,0,0,0,0,0,0,0,0,0,0
id_xoy55btpvw0a.wav,0,0,0,0,0,0,0,0,0,0,0,0
id_6fdr2g9j3z0p.wav,0,0,0,0,0,0,0,0,0,0,0,0
id_z4mk3pi0bpr8.wav,0,0,0,0,0,0,0,0,0,0,0,0
id_vntyetcoux6j.wav,0,0,0,0,0,0,0,0,0,0,0,0
id_z887q7imizp4.wav,0,0,0,0,0,0,0,0,0,0,0,0
id_nnkzq2u3z87u.wav,0,0,0,0,0,0,0,0,0,0,0,0
id_n9yph1iiaop1.wav,0,0,0,0,0,0,0,0,0,0,0,0
id_5rjsyjd6hcut.wav,0,0,0,0,0,0,0,0,0,0,0,0
id_dngll5jzw124.wav,0,0,0,0,0,0,0,0,0,0,0,0
id_bm2zw0mn1wru.wav,0,0,0,0,0,0,0,0,0,0,0,0
id_smswybzgp3xd.wav,0,0,0,0,0,0,0,0,0,0,0,0
id_2blavzpposkt.wav,0,0,0,0,0,0,0,0,0,0,0,0
id_8olv6cxt5ewk.wav,0,0,0,0,0,0,0,0,0,0,0,0
id_6phjmjwzu2s2.wav,0,0,0,0,0,0,0,0,0,0,0,0
id_qbhwnjvs7jf3.wav,0,0,0,0,0,0,0,0,0,0,0,0
id_hhkuepeijjw6.wav,0,0,0,0,0,0,0,0,0,0,0,0
id_paywniawpbvj.wav,0,0,0,0,0,0,0,0,0,0,0,0
id_f6jcg86loer3.wav,0,0,0,0,0,0,0,0,0,0,0,0
id_scqnvruy6n7a.wav,0,0,0,0,0,0,0,0,0,0,0,0
id_aibu1pd3t6g7.wav,0,0,0,0,0,0,0,0,0,0,0,0
id_ziqj3yrqxqoo.wav,0,0,0,0,0,0,0,0,0,0,0,0
id_l3etfk093wwb.wav,0,0,0,0,0,0,0,0,0,0,0,0
id_f094p51kyw6x.wav,0,0,0,0,0,0,0,0,0,0,0,0
id_bu0wheax37fr.wav,0,0,0,0,0,0,0,0,0,0,0,0
id_ce947ujm5hxx.wav,0,0,0,0,0,0,0,0,0,0,0,0
id_5imr99u8prc6.wav,0,0,0,0,0,0,0,0,0,0,0,0
id_6n8ou1na9wt4.wav,0,0,0,0,0,0,0,0,0,0,0,0
id_btcmmysy9tva.wav,0,0,0,0,0,0,0,0,0,0,0,0
id_b1dmnvycif5o.wav,0,0,0,0,0,0,0,0,0,0,0,0
id_o7tzbo4v286i.wav,0,0,0,0,0,0,0,0,0,0,0,0
id_48vu20dsiunp.wav,0,0,0,0,0,0,0,0,0,0,0,0
id_u7p0xar30uu8.wav,0,0,0,0,0,0,0,0,0,0,0,0
id_1tc9a7ewcggu.wav,0,0,0,0,0,0,0,0,0,0,0,0
id_g8z77g1vtvlv.wav,0,0,0,0,0,0,0,0,0,0,0,0
id_5lsowljmb9zy.wav,0,0,0,0,0,0,0,0,0,0,0,0
id_57bydnna79oe.wav,0,0,0,0,0,0,0,0,0,0,0,0
id_j9a7jejbpde1.wav,0,0,0,0,0,0,0,0,0,0,0,0
id_4stc4xsrcor9.wav,0,0,0,0,0,0,0,0,0,0,0,0
id_m0pm2duvdrpz.wav,0,0,0,0,0,0,0,0,0,0,0,0
id_ngs27h00xusk.wav,0,0,0,0,0,0,0,0,0,0,0,0
id_vrkor8be0zhe.wav,0,0,0,0,0,0,0,0,0,0,0,0
id_c6qcwb8lvsd4.wav,0,0,0,0,0,0,0,0,0,0,0,0
id_xq1za1hrxksf.wav,0,0,0,0,0,0,0,0,0,0,0,0
id_12udc9g0kqee.wav,0,0,0,0,0,0,0,0,0,0,0,0
id_r1d1m1gt9klo.wav,0,0,0,0,0,0,0,0,0,0,0,0
id_q3udgn26qgir.wav,0,0,0,0,0,0,0,0,0,0,0,0
id_xrmqww9wd5m9.wav,0,0,0,0,0,0,0,0,0,0,0,0
id_thqn56bihvps.wav,0,0,0,0,0,0,0,0,0,0,0,0
id_kvnvnvev4o68.wav,0,0,0,0,0,0,0,0,0,0,0,0
id_rsyi4tali8a3.wav,0,0,0,0,0,0,0,0,0,0,0,0
id_dqjnxry3y8rh.wav,0,0,0,0,0,0,0,0,0,0,0,0
id_51yxobd3ztr2.wav,0,0,0,0,0,0,0,0,0,0,0,0
id_zv4cr0qjkcak.wav,0,0,0,0,0,0,0,0,0,0,0,0
id_129330a4xin7.wav,0,0,0,0,0,0,0,0,0,0,0,0
id_b8ae6ck0b9zv.wav,0,0,0,0,0,0,0,0,0,0,0,0
id_ioqrruqrc7b7.wav,0,0,0,0,0,0,0,0,0,0,0,0
id_z82hvw4rfpxi.wav,0,0,0,0,0,0,0,0,0,0,0,0
id_busp1o8g3ou6.wav,0,0,0,0,0,0,0,0,0,0,0,0
id_tmwurn4vr4wm.wav,0,0,0,0,0,0,0,0,0,0,0,0
id_gr7kw2s8stqg.wav,0,0,0,0,0,0,0,0,0,0,0,0
id_hbldnhbqggsj.wav,0,0,0,0,0,0,0,0,0,0,0,0
id_oam0kdxdtovz.wav,0,0,0,0,0,0,0,0,0,0,0,0
id_5xok0d9hyynm.wav,0,0,0,0,0,0,0,0,0,0,0,0
id_q1yx8pmyshde.wav,0,0,0,0,0,0,0,0,0,0,0,0
id_67joqlfvb3ol.wav,0,0,0,0,0,0,0,0,0,0,0,0
id_2jwesc39z7iv.wav,0,0,0,0,0,0,0,0,0,0,0,0
id_bb3sf55gqc2x.wav,0,0,0,0,0,0,0,0,0,0,0,0
id_j4u9xzl8l4ev.wav,0,0,0,0,0,0,0,0,0,0,0,0
id_omnqckenu4rj.wav,0,0,0,0,0,0,0,0,0,0,0,0
id_ezw30ouvvm9e.wav,0,0,0,0,0,0,0,0,0,0,0,0
id_w6y8uz1nwa3m.wav,0,0,0,0,0,0,0,0,0,0,0,0
id_oie7f6q1n99c.wav,0,0,0,0,0,0,0,0,0,0,0,0
id_xp0tspo7btvc.wav,0,0,0,0,0,0,0,0,0,0,0,0
id_5ny3eodbpazj.wav,0,0,0,0,0,0,0,0,0,0,0,0
id_btq1nee2hfvk.wav,0,0,0,0,0,0,0,0,0,0,0,0
id_j40svqwa63ti.wav,0,0,0,0,0,0,0,0,0,0,0,0
id_jzjmstm3f2pe.wav,0,0,0,0,0,0,0,0,0,0,0,0
id_wejid2bsofad.wav,0,0,0,0,0,0,0,0,0,0,0,0
id_tymwu78zdt3b.wav,0,0,0,0,0,0,0,0,0,0,0,0
id_2gaqhzssuk3y.wav,0,0,0,0,0,0,0,0,0,0,0,0
id_tpdt4dfrnok1.wav,0,0,0,0,0,0,0,0,0,0,0,0
id_iuu5pelmwtat.wav,0,0,0,0,0,0,0,0,0,0,0,0
id_4fopla9e4nvo.wav,0,0,0,0,0,0,0,0,0,0,0,0
id_cy45f3ixnycb.wav,0,0,0,0,0,0,0,0,0,0,0,0
id_mx5oaku59xbp.wav,0,0,0,0,0,0,0,0,0,0,0,0
id_ljjujnn1hhcw.wav,0,0,0,0,0,0,0,0,0,0,0,0
id_vnlz95p5e484.wav,0,0,0,0,0,0,0,0,0,0,0,0
id_98qr9k5r5uhb.wav,0,0,0,0,0,0,0,0,0,0,0,0
id_sh6eew5qzg0j.wav,0,0,0,0,0,0,0,0,0,0,0,0
id_ylnvgsotgona.wav,0,0,0,0,0,0,0,0,0,0,0,0
id_al1faghu8juw.wav,0,0,0,0,0,0,0,0,0,0,0,0
id_48egl1hbtcqp.wav,0,0,0,0,0,0,0,0,0,0,0,0
id_or5b1cg75wsk.wav,0,0,0,0,0,0,0,0,0,0,0,0
id_t33kfhari440.wav,0,0,0,0,0,0,0,0,0,0,0,0
id_ij6gqoll8zay.wav,0,0,0,0,0,0,0,0,0,0,0,0
id_x91dldvqvlz0.wav,0,0,0,0,0,0,0,0,0,0,0,0
id_9xwsv8cf6rwo.wav,0,0,0,0,0,0,0,0,0,0,0,0
id_54zxeo4j8j8y.wav,0,0,0,0,0,0,0,0,0,0,0,0
id_okhqxwuwz40v.wav,0,0,0,0,0,0,0,0,0,0,0,0
id_covu5iuumld0.wav,0,0,0,0,0,0,0,0,0,0,0,0
id_7w2vbs5foz8y.wav,0,0,0,0,0,0,0,0,0,0,0,0
id_wmkirvz898p6.wav,0,0,0,0,0,0,0,0,0,0,0,0
id_76bsxqp1i2wa.wav,0,0,0,0,0,0,0,0,0,0,0,0
id_e42za5guvyyw.wav,0,0,0,0,0,0,0,0,0,0,0,0
id_nokehxobsyoo.wav,0,0,0,0,0,0,0,0,0,0,0,0
id_h6sypj1kod4n.wav,0,0,0,0,0,0,0,0,0,0,0,0
id_sbmdph6z5h3w.wav,0,0,0,0,0,0,0,0,0,0,0,0
id_19zso76ohyt9.wav,0,0,0,0,0,0,0,0,0,0,0,0
id_thel64yf7uk9.wav,0,0,0,0,0,0,0,0,0,0,0,0
id_utt6vuws2c6a.wav,0,0,0,0,0,0,0,0,0,0,0,0
id_bj1h9f23nfta.wav,0,0,0,0,0,0,0,0,0,0,0,0
id_osf7khwgj3mb.wav,0,0,0,0,0,0,0,0,0,0,0,0
id_mxlz1vq60adk.wav,0,0,0,0,0,0,0,0,0,0,0,0
id_00saoqa0xtew.wav,0,0,0,0,0,0,0,0,0,0,0,0
id_nlg56rni9h2z.wav,0,0,0,0,0,0,0,0,0,0,0,0
id_ehhb485hmdcn.wav,0,0,0,0,0,0,0,0,0,0,0,0
id_q2je55rizxqz.wav,0,0,0,0,0,0,0,0,0,0,0,0
id_8dc7gcrsm24q.wav,0,0,0,0,0,0,0,0,0,0,0,0
id_1htmkebt3bjc.wav,0,0,0,0,0,0,0,0,0,0,0,0
id_d26ykukc7umb.wav,0,0,0,0,0,0,0,0,0,0,0,0
id_nz1uj02b55r0.wav,0,0,0,0,0,0,0,0,0,0,0,0
id_w6q4q8yxpo4c.wav,0,0,0,0,0,0,0,0,0,0,0,0
id_fr2i6a3tgs75.wav,0,0,0,0,0,0,0,0,0,0,0,0
id_ipal5lenqeyi.wav,0,0,0,0,0,0,0,0,0,0,0,0
id_ocy9fl2ff52f.wav,0,0,0,0,0,0,0,0,0,0,0,0
id_pon8hrfwbc0q.wav,0,0,0,0,0,0,0,0,0,0,0,0
id_pseml05a4g7o.wav,0,0,0,0,0,0,0,0,0,0,0,0
id_27ud5oskg6mf.wav,0,0,0,0,0,0,0,0,0,0,0,0
id_5bks1q7yn4bg.wav,0,0,0,0,0,0,0,0,0,0,0,0
id_90e8qioedx8h.wav,0,0,0,0,0,0,0,0,0,0,0,0
id_suepapbolwfb.wav,0,0,0,0,0,0,0,0,0,0,0,0
id_oyfypcrlj70x.wav,0,0,0,0,0,0,0,0,0,0,0,0
id_qyrzj751jhrb.wav,0,0,0,0,0,0,0,0,0,0,0,0
id_aytzsach0leo.wav,0,0,0,0,0,0,0,0,0,0,0,0
id_zpof92n2pzrg.wav,0,0,0,0,0,0,0,0,0,0,0,0
id_20anl2sqepur.wav,0,0,0,0,0,0,0,0,0,0,0,0
id_72u5iwzu9fjq.wav,0,0,0,0,0,0,0,0,0,0,0,0
id_2o501e89a2hu.wav,0,0,0,0,0,0,0,0,0,0,0,0
id_y7efvsd3jwru.wav,0,0,0,0,0,0,0,0,0,0,0,0
id_0uu199qs36a3.wav,0,0,0,0,0,0,0,0,0,0,0,0
id_4wqq240vq05a.wav,0,0,0,0,0,0,0,0,0,0,0,0
id_774wfch5zoea.wav,0,0,0,0,0,0,0,0,0,0,0,0
id_q26k8jxn43co.wav,0,0,0,0,0,0,0,0,0,0,0,0
id_4xw930i9bl40.wav,0,0,0,0,0,0,0,0,0,0,0,0
id_5d8nrrz4sdfu.wav,0,0,0,0,0,0,0,0,0,0,0,0
id_s2ollgvgj146.wav,0,0,0,0,0,0,0,0,0,0,0,0
id_nzr6p36e6fln.wav,0,0,0,0,0,0,0,0,0,0,0,0
id_f0njj4sx7f4f.wav,0,0,0,0,0,0,0,0,0,0,0,0
id_arncpkw6pjts.wav,0,0,0,0,0,0,0,0,0,0,0,0
id_6tslsga0c3nj.wav,0,0,0,0,0,0,0,0,0,0,0,0
id_ujonnrwp51ul.wav,0,0,0,0,0,0,0,0,0,0,0,0
id_ccu61d10dias.wav,0,0,0,0,0,0,0,0,0,0,0,0
id_c5s002snxpoo.wav,0,0,0,0,0,0,0,0,0,0,0,0
id_h0pvr78lt0mb.wav,0,0,0,0,0,0,0,0,0,0,0,0
id_zzmj2yibjcv7.wav,0,0,0,0,0,0,0,0,0,0,0,0
id_uip73prvdsdp.wav,0,0,0,0,0,0,0,0,0,0,0,0
id_clh1pymm4yex.wav,0,0,0,0,0,0,0,0,0,0,0,0
id_gcq6ixu8z1q2.wav,0,0,0,0,0,0,0,0,0,0,0,0
id_js472vgz9aos.wav,0,0,0,0,0,0,0,0,0,0,0,0
id_73bobnk6168o.wav,0,0,0,0,0,0,0,0,0,0,0,0
id_i97qgunxgej7.wav,0,0,0,0,0,0,0,0,0,0,0,0
id_80hkdhknkhyd.wav,0,0,0,0,0,0,0,0,0,0,0,0
id_akzbl3emg3xm.wav,0,0,0,0,0,0,0,0,0,0,0,0
id_mx98ercbc4f3.wav,0,0,0,0,0,0,0,0,0,0,0,0
id_38m3zmzxk4vd.wav,0,0,0,0,0,0,0,0,0,0,0,0
id_f1ysl8ldbamr.wav,0,0,0,0,0,0,0,0,0,0,0,0
id_6kqs5idylymw.wav,0,0,0,0,0,0,0,0,0,0,0,0
id_j4322aoieiar.wav,0,0,0,0,0,0,0,0,0,0,0,0
id_4rwsn1anylpf.wav,0,0,0,0,0,0,0,0,0,0,0,0
id_6oy8ut056d23.wav,0,0,0,0,0,0,0,0,0,0,0,0
id_5gmcfyill5zi.wav,0,0,0,0,0,0,0,0,0,0,0,0
id_7vlk5zeq39oo.wav,0,0,0,0,0,0,0,0,0,0,0,0
id_owmr5w4cpolc.wav,0,0,0,0,0,0,0,0,0,0,0,0
id_9dgvzi06ifkm.wav,0,0,0,0,0,0,0,0,0,0,0,0
id_n492wo1yigfw.wav,0,0,0,0,0,0,0,0,0,0,0,0
id_hnirqx0vc2q5.wav,0,0,0,0,0,0,0,0,0,0,0,0
id_vve3olnbbhtg.wav,0,0,0,0,0,0,0,0,0,0,0,0
id_01ts8v5zrlvk.wav,0,0,0,0,0,0,0,0,0,0,0,0
id_mx34owcnlgrf.wav,0,0,0,0,0,0,0,0,0,0,0,0
id_6z03o849f9se.wav,0,0,0,0,0,0,0,0,0,0,0,0
id_sfmawolvkqny.wav,0,0,0,0,0,0,0,0,0,0,0,0
id_n6pzm6er97yv.wav,0,0,0,0,0,0,0,0,0,0,0,0
id_aygz3sx900py.wav,0,0,0,0,0,0,0,0,0,0,0,0
id_1jsaumyxi7nh.wav,0,0,0,0,0,0,0,0,0,0,0,0
id_wlqtudd9gnyi.wav,0,0,0,0,0,0,0,0,0,0,0,0
id_ry20qwowx0kf.wav,0,0,0,0,0,0,0,0,0,0,0,0
id_monn3wv24hoj.wav,0,0,0,0,0,0,0,0,0,0,0,0
id_7k7k8gh8jcp6.wav,0,0,0,0,0,0,0,0,0,0,0,0
id_k62bi15lkjj1.wav,0,0,0,0,0,0,0,0,0,0,0,0
id_k3fg898n9bzv.wav,0,0,0,0,0,0,0,0,0,0,0,0
id_c2y06l4wq97b.wav,0,0,0,0,0,0,0,0,0,0,0,0
id_za5275xkefvq.wav,0,0,0,0,0,0,0,0,0,0,0,0
id_fxlj4nvibv6u.wav,0,0,0,0,0,0,0,0,0,0,0,0
id_8mzmzpky0fyk.wav,0,0,0,0,0,0,0,0,0,0,0,0
id_n44q1rmexzc5.wav,0,0,0,0,0,0,0,0,0,0,0,0
id_3aisvt3gov0l.wav,0,0,0,0,0,0,0,0,0,0,0,0
id_t92fa38a3vsj.wav,0,0,0,0,0,0,0,0,0,0,0,0
id_z4u11ygyv0vh.wav,0,0,0,0,0,0,0,0,0,0,0,0
id_466mt1mwmwgd.wav,0,0,0,0,0,0,0,0,0,0,0,0
id_48ac4he1w82g.wav,0,0,0,0,0,0,0,0,0,0,0,0
id_90o28vlw4jtk.wav,0,0,0,0,0,0,0,0,0,0,0,0
id_i0mkwzzgu55l.wav,0,0,0,0,0,0,0,0,0,0,0,0
id_7gaqjsy2721a.wav,0,0,0,0,0,0,0,0,0,0,0,0
id_a2ivhrdcltko.wav,0,0,0,0,0,0,0,0,0,0,0,0
id_p9ve03maxfpi.wav,0,0,0,0,0,0,0,0,0,0,0,0
id_13u231w1m4bi.wav,0,0,0,0,0,0,0,0,0,0,0,0
id_ybpzemh2ysl2.wav,0,0,0,0,0,0,0,0,0,0,0,0
id_qwdjpgdu7vhj.wav,0,0,0,0,0,0,0,0,0,0,0,0
id_5mua5cy353wc.wav,0,0,0,0,0,0,0,0,0,0,0,0
id_imlcvs8vgrij.wav,0,0,0,0,0,0,0,0,0,0,0,0
id_7p54l0jvwk7b.wav,0,0,0,0,0,0,0,0,0,0,0,0
id_pptt7ahu008i.wav,0,0,0,0,0,0,0,0,0,0,0,0
id_pdhw54mt9zuw.wav,0,0,0,0,0,0,0,0,0,0,0,0
id_nd60oszkbtdn.wav,0,0,0,0,0,0,0,0,0,0,0,0
id_0paq477kdsmn.wav,0,0,0,0,0,0,0,0,0,0,0,0
id_7ne77mgbvfml.wav,0,0,0,0,0,0,0,0,0,0,0,0
id_3pvltzc3x0iu.wav,0,0,0,0,0,0,0,0,0,0,0,0
id_cldvbuwxvi6b.wav,0,0,0,0,0,0,0,0,0,0,0,0
id_lv5nmv138sqj.wav,0,0,0,0,0,0,0,0,0,0,0,0
id_zdh7d1xff0nm.wav,0,0,0,0,0,0,0,0,0,0,0,0
id_70y2i9bxssmh.wav,0,0,0,0,0,0,0,0,0,0,0,0
id_zu81a5thfpre.wav,0,0,0,0,0,0,0,0,0,0,0,0
id_lc3g3f4552tt.wav,0,0,0,0,0,0,0,0,0,0,0,0
id_7pkk7dx6idhw.wav,0,0,0,0,0,0,0,0,0,0,0,0
id_ut8nlr21ugd4.wav,0,0,0,0,0,0,0,0,0,0,0,0
id_l2u1dpdor3dy.wav,0,0,0,0,0,0,0,0,0,0,0,0
id_tn5t0eol2q4f.wav,0,0,0,0,0,0,0,0,0,0,0,0
id_l2kw6o6auw2s.wav,0,0,0,0,0,0,0,0,0,0,0,0
id_mt77gcmgvla2.wav,0,0,0,0,0,0,0,0,0,0,0,0
id_j6j1kk8l2a1m.wav,0,0,0,0,0,0,0,0,0,0,0,0
id_1dffoqsioabw.wav,0,0,0,0,0,0,0,0,0,0,0,0
id_f3h1jjvgzzeq.wav,0,0,0,0,0,0,0,0,0,0,0,0
id_pdx4lngmgga3.wav,0,0,0,0,0,0,0,0,0,0,0,0
id_od9mn6nhkztf.wav,0,0,0,0,0,0,0,0,0,0,0,0
id_oukymisygswr.wav,0,0,0,0,0,0,0,0,0,0,0,0
id_bs01rpyzn3yv.wav,0,0,0,0,0,0,0,0,0,0,0,0
id_rpteiih49571.wav,0,0,0,0,0,0,0,0,0,0,0,0
id_nnqxwqb2au0f.wav,0,0,0,0,0,0,0,0,0,0,0,0
id_fdm9plkm919z.wav,0,0,0,0,0,0,0,0,0,0,0,0
id_lfli6nw26du6.wav,0,0,0,0,0,0,0,0,0,0,0,0
id_do393ez1fgeo.wav,0,0,0,0,0,0,0,0,0,0,0,0
id_z846zlcc84g7.wav,0,0,0,0,0,0,0,0,0,0,0,0
id_24ajdp29j78g.wav,0,0,0,0,0,0,0,0,0,0,0,0
id_fllm796ishqa.wav,0,0,0,0,0,0,0,0,0,0,0,0
id_9pgn20m3f2sq.wav,0,0,0,0,0,0,0,0,0,0,0,0
id_jhu8henfvqev.wav,0,0,0,0,0,0,0,0,0,0,0,0
id_m38ypwamefhb.wav,0,0,0,0,0,0,0,0,0,0,0,0
id_1gb9riy1h0ra.wav,0,0,0,0,0,0,0,0,0,0,0,0
id_ulnczpalennk.wav,0,0,0,0,0,0,0,0,0,0,0,0
id_7thyutr4y1lb.wav,0,0,0,0,0,0,0,0,0,0,0,0
id_rl4ug35mntu8.wav,0,0,0,0,0,0,0,0,0,0,0,0
id_rluqfusg8f25.wav,0,0,0,0,0,0,0,0,0,0,0,0
id_t8uju7wklqyx.wav,0,0,0,0,0,0,0,0,0,0,0,0
id_hdwo9xkr9al8.wav,0,0,0,0,0,0,0,0,0,0,0,0
id_v70alybzeh09.wav,0,0,0,0,0,0,0,0,0,0,0,0
id_4gsp70hc68v6.wav,0,0,0,0,0,0,0,0,0,0,0,0
id_8hu15iyhjgxw.wav,0,0,0,0,0,0,0,0,0,0,0,0
id_rvhtlvofpzvg.wav,0,0,0,0,0,0,0,0,0,0,0,0
id_2b8lw4x3jpry.wav,0,0,0,0,0,0,0,0,0,0,0,0
id_jq9jmyj8ahx6.wav,0,0,0,0,0,0,0,0,0,0,0,0
id_a2l687gkket4.wav,0,0,0,0,0,0,0,0,0,0,0,0
id_07o8mac7wefg.wav,0,0,0,0,0,0,0,0,0,0,0,0
id_xqo82eoipwlk.wav,0,0,0,0,0,0,0,0,0,0,0,0
id_i6fu3kij6l84.wav,0,0,0,0,0,0,0,0,0,0,0,0
id_1ueb9t2tha4e.wav,0,0,0,0,0,0,0,0,0,0,0,0
id_lp1ywc2aw1xv.wav,0,0,0,0,0,0,0,0,0,0,0,0
id_6f1e5kkghptl.wav,0,0,0,0,0,0,0,0,0,0,0,0
id_espsp6fknuad.wav,0,0,0,0,0,0,0,0,0,0,0,0
id_umga3nny27if.wav,0,0,0,0,0,0,0,0,0,0,0,0
id_ruk1hx8b0v0n.wav,0,0,0,0,0,0,0,0,0,0,0,0
id_gp82qq9ve61x.wav,0,0,0,0,0,0,0,0,0,0,0,0
id_du8hsrepid42.wav,0,0,0,0,0,0,0,0,0,0,0,0
id_9h66of3jmwmh.wav,0,0,0,0,0,0,0,0,0,0,0,0
id_cabti27wm2mc.wav,0,0,0,0,0,0,0,0,0,0,0,0
id_9oulscmd38bn.wav,0,0,0,0,0,0,0,0,0,0,0,0
id_bfu5q6geql8b.wav,0,0,0,0,0,0,0,0,0,0,0,0
id_svdgox0ac8kb.wav,0,0,0,0,0,0,0,0,0,0,0,0
id_7yaxnhy7bunm.wav,0,0,0,0,0,0,0,0,0,0,0,0
id_930axug97dp9.wav,0,0,0,0,0,0,0,0,0,0,0,0
id_ar0ss1y85frp.wav,0,0,0,0,0,0,0,0,0,0,0,0
id_s06m5rz5dos9.wav,0,0,0,0,0,0,0,0,0,0,0,0
id_4g0wrfigyfwr.wav,0,0,0,0,0,0,0,0,0,0,0,0
id_ihvnqmacynk8.wav,0,0,0,0,0,0,0,0,0,0,0,0
id_fv688e2p9suq.wav,0,0,0,0,0,0,0,0,0,0,0,0
id_afskbwfyo6r5.wav,0,0,0,0,0,0,0,0,0,0,0,0
id_0jina14b3ku2.wav,0,0,0,0,0,0,0,0,0,0,0,0
id_vtihjo4bv7bk.wav,0,0,0,0,0,0,0,0,0,0,0,0
id_aujrq5ofjkys.wav,0,0,0,0,0,0,0,0,0,0,0,0
id_t7llv2ig4ier.wav,0,0,0,0,0,0,0,0,0,0,0,0
id_54e79hdttppq.wav,0,0,0,0,0,0,0,0,0,0,0,0
id_4ppprwcoh57b.wav,0,0,0,0,0,0,0,0,0,0,0,0
id_84piieg9s668.wav,0,0,0,0,0,0,0,0,0,0,0,0
id_01vldly3rtth.wav,0,0,0,0,0,0,0,0,0,0,0,0
id_tgm9f2udw74a.wav,0,0,0,0,0,0,0,0,0,0,0,0
id_g3z055iovls9.wav,0,0,0,0,0,0,0,0,0,0,0,0
id_ct1rdeu4pqmr.wav,0,0,0,0,0,0,0,0,0,0,0,0
id_2c2m3p65xraq.wav,0,0,0,0,0,0,0,0,0,0,0,0
id_jf28nlc9job1.wav,0,0,0,0,0,0,0,0,0,0,0,0
id_m6lnwqmdu1ki.wav,0,0,0,0,0,0,0,0,0,0,0,0
id_t3dxqw0l4x9j.wav,0,0,0,0,0,0,0,0,0,0,0,0
id_16nryqd5qm27.wav,0,0,0,0,0,0,0,0,0,0,0,0
id_4r30807mneo6.wav,0,0,0,0,0,0,0,0,0,0,0,0
id_3q8em88glzqw.wav,0,0,0,0,0,0,0,0,0,0,0,0
id_9m0h00mbogze.wav,0,0,0,0,0,0,0,0,0,0,0,0
id_tz4jjh7dvnl6.wav,0,0,0,0,0,0,0,0,0,0,0,0
id_t15bo4beh08y.wav,0,0,0,0,0,0,0,0,0,0,0,0
id_zvfym28z5hwd.wav,0,0,0,0,0,0,0,0,0,0,0,0
id_s9snaj3rltyp.wav,0,0,0,0,0,0,0,0,0,0,0,0
id_9vc340v1u60w.wav,0,0,0,0,0,0,0,0,0,0,0,0
id_mvrsk9vvnek8.wav,0,0,0,0,0,0,0,0,0,0,0,0
id_bfns9xloeaqa.wav,0,0,0,0,0,0,0,0,0,0,0,0
id_i9gombd53pf9.wav,0,0,0,0,0,0,0,0,0,0,0,0
id_nf6yif7zrdfu.wav,0,0,0,0,0,0,0,0,0,0,0,0
id_vj87gm052e1i.wav,0,0,0,0,0,0,0,0,0,0,0,0
id_prq969vkj2e2.wav,0,0,0,0,0,0,0,0,0,0,0,0
id_v9bimt4sk2a5.wav,0,0,0,0,0,0,0,0,0,0,0,0
id_5eqrjwf5g0my.wav,0,0,0,0,0,0,0,0,0,0,0,0
id_xkij2aqt7s15.wav,0,0,0,0,0,0,0,0,0,0,0,0
id_5ii27ktzjkti.wav,0,0,0,0,0,0,0,0,0,0,0,0
id_6oyyu14qvrn1.wav,0,0,0,0,0,0,0,0,0,0,0,0
id_828bksyaw6eu.wav,0,0,0,0,0,0,0,0,0,0,0,0
id_rmpmivubziqg.wav,0,0,0,0,0,0,0,0,0,0,0,0
id_x7cl3jrx8y33.wav,0,0,0,0,0,0,0,0,0,0,0,0
id_530lkh9l6bx0.wav,0,0,0,0,0,0,0,0,0,0,0,0
id_yayo4ibq1l22.wav,0,0,0,0,0,0,0,0,0,0,0,0
id_lhd345f8u1u2.wav,0,0,0,0,0,0,0,0,0,0,0,0
id_didlxmgovqd1.wav,0,0,0,0,0,0,0,0,0,0,0,0
id_nuwvnhpt4s0o.wav,0,0,0,0,0,0,0,0,0,0,0,0
id_ikvbwtbxmudg.wav,0,0,0,0,0,0,0,0,0,0,0,0
id_rpi4rah3dxbg.wav,0,0,0,0,0,0,0,0,0,0,0,0
id_m0p2tv65311y.wav,0,0,0,0,0,0,0,0,0,0,0,0
id_8tdkttjz9kcc.wav,0,0,0,0,0,0,0,0,0,0,0,0
id_37a5crwjyloi.wav,0,0,0,0,0,0,0,0,0,0,0,0
id_jwhcc8m5s7u9.wav,0,0,0,0,0,0,0,0,0,0,0,0
id_x506k0f3y471.wav,0,0,0,0,0,0,0,0,0,0,0,0
id_il93gbcupag6.wav,0,0,0,0,0,0,0,0,0,0,0,0
id_2k8of6ysmpvb.wav,0,0,0,0,0,0,0,0,0,0,0,0
id_o1kh772wf55r.wav,0,0,0,0,0,0,0,0,0,0,0,0
id_u2m76t3ce0f7.wav,0,0,0,0,0,0,0,0,0,0,0,0
id_ftuu8ik7swzv.wav,0,0,0,0,0,0,0,0,0,0,0,0
id_50j5u2puylgi.wav,0,0,0,0,0,0,0,0,0,0,0,0
id_w1uhia4q7ykm.wav,0,0,0,0,0,0,0,0,0,0,0,0
id_1o1kmq8tw5zm.wav,0,0,0,0,0,0,0,0,0,0,0,0
id_ri7snd3od6qp.wav,0,0,0,0,0,0,0,0,0,0,0,0
id_a5z4a80auf1l.wav,0,0,0,0,0,0,0,0,0,0,0,0
id_qlclprooe8qe.wav,0,0,0,0,0,0,0,0,0,0,0,0
id_nmf0hiohta2z.wav,0,0,0,0,0,0,0,0,0,0,0,0
id_pgz7s75auo5w.wav,0,0,0,0,0,0,0,0,0,0,0,0
id_vt2g6dnrn7be.wav,0,0,0,0,0,0,0,0,0,0,0,0
id_vg2k7nw471tp.wav,0,0,0,0,0,0,0,0,0,0,0,0
id_naaxh6olyfp0.wav,0,0,0,0,0,0,0,0,0,0,0,0
id_57c0au79018t.wav,0,0,0,0,0,0,0,0,0,0,0,0
id_3bkrfxp2mp3h.wav,0,0,0,0,0,0,0,0,0,0,0,0
id_bq5agczy632t.wav,0,0,0,0,0,0,0,0,0,0,0,0
id_5bc7i3rigttp.wav,0,0,0,0,0,0,0,0,0,0,0,0
id_161qsijzk2sw.wav,0,0,0,0,0,0,0,0,0,0,0,0
id_fh7eiewvwoe0.wav,0,0,0,0,0,0,0,0,0,0,0,0
id_nwsall2zl4x6.wav,0,0,0,0,0,0,0,0,0,0,0,0
id_khaby31mth1d.wav,0,0,0,0,0,0,0,0,0,0,0,0
id_3rku696x9yv3.wav,0,0,0,0,0,0,0,0,0,0,0,0
id_q0yqw2it0mrn.wav,0,0,0,0,0,0,0,0,0,0,0,0
id_c1i2qvix821l.wav,0,0,0,0,0,0,0,0,0,0,0,0
id_f1vh80lr3atx.wav,0,0,0,0,0,0,0,0,0,0,0,0
id_69wttvbh7grq.wav,0,0,0,0,0,0,0,0,0,0,0,0
id_2w8jgy0pp9bj.wav,0,0,0,0,0,0,0,0,0,0,0,0
id_2u2rgkl4m9on.wav,0,0,0,0,0,0,0,0,0,0,0,0
id_12kaacsp50vc.wav,0,0,0,0,0,0,0,0,0,0,0,0
id_milgbh20u00u.wav,0,0,0,0,0,0,0,0,0,0,0,0
id_m0ckgxsj9c59.wav,0,0,0,0,0,0,0,0,0,0,0,0
id_eroaryh7vo95.wav,0,0,0,0,0,0,0,0,0,0,0,0
id_rzrcpguk2z5i.wav,0,0,0,0,0,0,0,0,0,0,0,0
id_1xlq2t670hb1.wav,0,0,0,0,0,0,0,0,0,0,0,0
id_52hqrq91zuwg.wav,0,0,0,0,0,0,0,0,0,0,0,0
id_w0kt7t0hhmga.wav,0,0,0,0,0,0,0,0,0,0,0,0
id_b8h7r1hmweiy.wav,0,0,0,0,0,0,0,0,0,0,0,0
id_oae2yh39elfo.wav,0,0,0,0,0,0,0,0,0,0,0,0
id_r3f18c1dhvdc.wav,0,0,0,0,0,0,0,0,0,0,0,0
id_r2hqhyijm0fy.wav,0,0,0,0,0,0,0,0,0,0,0,0
id_vpcrl3r0azg6.wav,0,0,0,0,0,0,0,0,0,0,0,0
id_etxlxcpjyex2.wav,0,0,0,0,0,0,0,0,0,0,0,0
id_x4tw7ix9t3ch.wav,0,0,0,0,0,0,0,0,0,0,0,0
id_ea6gcxyxp2fc.wav,0,0,0,0,0,0,0,0,0,0,0,0
id_nf3maavnjemw.wav,0,0,0,0,0,0,0,0,0,0,0,0
id_2t06n7fvgpc8.wav,0,0,0,0,0,0,0,0,0,0,0,0
id_aj10wfxojktn.wav,0,0,0,0,0,0,0,0,0,0,0,0
id_4qe1kfuyfdoq.wav,0,0,0,0,0,0,0,0,0,0,0,0
id_kunitov1x2tf.wav,0,0,0,0,0,0,0,0,0,0,0,0
id_sprxzs0ffpkh.wav,0,0,0,0,0,0,0,0,0,0,0,0
id_4gensdqe6si7.wav,0,0,0,0,0,0,0,0,0,0,0,0
id_ybrpz65ea09m.wav,0,0,0,0,0,0,0,0,0,0,0,0
id_xrvf309x7j0k.wav,0,0,0,0,0,0,0,0,0,0,0,0
id_veaioo0pzoyu.wav,0,0,0,0,0,0,0,0,0,0,0,0
id_e3kyj06iinyl.wav,0,0,0,0,0,0,0,0,0,0,0,0
id_86pyp7rnamc4.wav,0,0,0,0,0,0,0,0,0,0,0,0
id_ppafcs00fkud.wav,0,0,0,0,0,0,0,0,0,0,0,0
id_qzd89l2a47j0.wav,0,0,0,0,0,0,0,0,0,0,0,0
id_j4j89e75rwbv.wav,0,0,0,0,0,0,0,0,0,0,0,0
id_m52fap9p4cgw.wav,0,0,0,0,0,0,0,0,0,0,0,0
id_7vhez1l9roc7.wav,0,0,0,0,0,0,0,0,0,0,0,0
id_g3rertkcl5co.wav,0,0,0,0,0,0,0,0,0,0,0,0
id_y0mbfiiv8te5.wav,0,0,0,0,0,0,0,0,0,0,0,0
id_tspi255sz3qy.wav,0,0,0,0,0,0,0,0,0,0,0,0
id_w1eo64045ulh.wav,0,0,0,0,0,0,0,0,0,0,0,0
id_n7ljm5yfk4kd.wav,0,0,0,0,0,0,0,0,0,0,0,0
id_o9zfqrgtkqau.wav,0,0,0,0,0,0,0,0,0,0,0,0
id_kicld98un67p.wav,0,0,0,0,0,0,0,0,0,0,0,0
id_fprad4s2uq5b.wav,0,0,0,0,0,0,0,0,0,0,0,0
id_rjjbch41pu51.wav,0,0,0,0,0,0,0,0,0,0,0,0
id_1cec8e34wa4c.wav,0,0,0,0,0,0,0,0,0,0,0,0
id_mf6bfzerw490.wav,0,0,0,0,0,0,0,0,0,0,0,0
id_545azyjfo29b.wav,0,0,0,0,0,0,0,0,0,0,0,0
id_ygk2vtd3does.wav,0,0,0,0,0,0,0,0,0,0,0,0
id_knx0909jsnb8.wav,0,0,0,0,0,0,0,0,0,0,0,0
id_yvus074pobnq.wav,0,0,0,0,0,0,0,0,0,0,0,0
id_e4edgkohushw.wav,0,0,0,0,0,0,0,0,0,0,0,0
id_z5mhorqdqsgu.wav,0,0,0,0,0,0,0,0,0,0,0,0
id_ch454igaahmj.wav,0,0,0,0,0,0,0,0,0,0,0,0
id_gafpskuhmr1k.wav,0,0,0,0,0,0,0,0,0,0,0,0
id_ehisxyfyqlqd.wav,0,0,0,0,0,0,0,0,0,0,0,0
id_1hjuoxbg484k.wav,0,0,0,0,0,0,0,0,0,0,0,0
id_z4gu6rfgt6wn.wav,0,0,0,0,0,0,0,0,0,0,0,0
id_h9kplxe08q3l.wav,0,0,0,0,0,0,0,0,0,0,0,0
id_n8ebl6zhnewv.wav,0,0,0,0,0,0,0,0,0,0,0,0
id_vb8nzsimgceb.wav,0,0,0,0,0,0,0,0,0,0,0,0
id_owg2i22708b4.wav,0,0,0,0,0,0,0,0,0,0,0,0
id_d7cqg576xjby.wav,0,0,0,0,0,0,0,0,0,0,0,0
id_k9vs034vdcdn.wav,0,0,0,0,0,0,0,0,0,0,0,0
id_x0k2f3gz6qrr.wav,0,0,0,0,0,0,0,0,0,0,0,0
id_lr1kj6v97y65.wav,0,0,0,0,0,0,0,0,0,0,0,0
id_11qbjloq08jb.wav,0,0,0,0,0,0,0,0,0,0,0,0
id_717o13lqhkxl.wav,0,0,0,0,0,0,0,0,0,0,0,0
id_yjlhi4cgrmda.wav,0,0,0,0,0,0,0,0,0,0,0,0
id_2f8mmq8gy61d.wav,0,0,0,0,0,0,0,0,0,0,0,0
id_vma3p9oxjo2u.wav,0,0,0,0,0,0,0,0,0,0,0,0
id_env93nxhreah.wav,0,0,0,0,0,0,0,0,0,0,0,0
id_xb3lnuwgk7j0.wav,0,0,0,0,0,0,0,0,0,0,0,0
id_zfi33xk02jyx.wav,0,0,0,0,0,0,0,0,0,0,0,0
id_u7w7mjw1j3gk.wav,0,0,0,0,0,0,0,0,0,0,0,0
id_5bbbghflwyxu.wav,0,0,0,0,0,0,0,0,0,0,0,0
id_3zkvuipu63a6.wav,0,0,0,0,0,0,0,0,0,0,0,0
id_xhq7pfjt8xi5.wav,0,0,0,0,0,0,0,0,0,0,0,0
id_w9lpc6nyl6ze.wav,0,0,0,0,0,0,0,0,0,0,0,0
id_6fo4oquaet9p.wav,0,0,0,0,0,0,0,0,0,0,0,0
id_g1mvbxld3b8v.wav,0,0,0,0,0,0,0,0,0,0,0,0
id_0x6j9mfesz9m.wav,0,0,0,0,0,0,0,0,0,0,0,0
id_fjgz2te16042.wav,0,0,0,0,0,0,0,0,0,0,0,0
id_pffl32wlh68r.wav,0,0,0,0,0,0,0,0,0,0,0,0
id_8oejkvgw9fl6.wav,0,0,0,0,0,0,0,0,0,0,0,0
id_5cu352hou16z.wav,0,0,0,0,0,0,0,0,0,0,0,0
id_xmni014ao3nt.wav,0,0,0,0,0,0,0,0,0,0,0,0
id_1r3jpwcfv3k5.wav,0,0,0,0,0,0,0,0,0,0,0,0
id_qgzwzc8wt87i.wav,0,0,0,0,0,0,0,0,0,0,0,0
id_5in4cmu7ttmh.wav,0,0,0,0,0,0,0,0,0,0,0,0
id_ylpqusl39sec.wav,0,0,0,0,0,0,0,0,0,0,0,0
id_ku0koxmueruc.wav,0,0,0,0,0,0,0,0,0,0,0,0
id_yfiwt8w0riud.wav,0,0,0,0,0,0,0,0,0,0,0,0
id_jlmfxsly74xi.wav,0,0,0,0,0,0,0,0,0,0,0,0
id_tjr4o9zb4dht.wav,0,0,0,0,0,0,0,0,0,0,0,0
id_lvmzrt2p8j4q.wav,0,0,0,0,0,0,0,0,0,0,0,0
id_spvifnl757fi.wav,0,0,0,0,0,0,0,0,0,0,0,0
id_gmffy3nyn87x.wav,0,0,0,0,0,0,0,0,0,0,0,0
id_9feuqn08wrbw.wav,0,0,0,0,0,0,0,0,0,0,0,0
id_go48qkdxzmo0.wav,0,0,0,0,0,0,0,0,0,0,0,0
id_eehnlgqb55nx.wav,0,0,0,0,0,0,0,0,0,0,0,0
id_al1zbl6k860w.wav,0,0,0,0,0,0,0,0,0,0,0,0
id_gj5961n5x9z3.wav,0,0,0,0,0,0,0,0,0,0,0,0
id_lwejvc97d1w7.wav,0,0,0,0,0,0,0,0,0,0,0,0
id_p1n53m7v7c0y.wav,0,0,0,0,0,0,0,0,0,0,0,0
id_dq31c2ulceb5.wav,0,0,0,0,0,0,0,0,0,0,0,0
id_v5qwu84v4inv.wav,0,0,0,0,0,0,0,0,0,0,0,0
id_4mae72sqkl33.wav,0,0,0,0,0,0,0,0,0,0,0,0
id_90vnbwzvuiqr.wav,0,0,0,0,0,0,0,0,0,0,0,0
id_go4n9pn0qyk4.wav,0,0,0,0,0,0,0,0,0,0,0,0
id_2wq7x09k663g.wav,0,0,0,0,0,0,0,0,0,0,0,0
id_8nkr52oi6qa8.wav,0,0,0,0,0,0,0,0,0,0,0,0
id_elqe27md0ntj.wav,0,0,0,0,0,0,0,0,0,0,0,0
id_gvr335amnz1d.wav,0,0,0,0,0,0,0,0,0,0,0,0
id_7cvx3mggjlfe.wav,0,0,0,0,0,0,0,0,0,0,0,0
id_nafg4f8tymiv.wav,0,0,0,0,0,0,0,0,0,0,0,0
id_x2api4szi480.wav,0,0,0,0,0,0,0,0,0,0,0,0
id_gkr4safui137.wav,0,0,0,0,0,0,0,0,0,0,0,0
id_vlka9pot7unn.wav,0,0,0,0,0,0,0,0,0,0,0,0
id_2zk0ch2z4fto.wav,0,0,0,0,0,0,0,0,0,0,0,0
id_cbmqd23lfdee.wav,0,0,0,0,0,0,0,0,0,0,0,0
id_k43cl11w0poc.wav,0,0,0,0,0,0,0,0,0,0,0,0
id_t7c33dzgyetp.wav,0,0,0,0,0,0,0,0,0,0,0,0
id_5nydonk75u03.wav,0,0,0,0,0,0,0,0,0,0,0,0
id_vis54986ylys.wav,0,0,0,0,0,0,0,0,0,0,0,0
id_ml0sgf3mm70l.wav,0,0,0,0,0,0,0,0,0,0,0,0
id_ui5tgju4f03b.wav,0,0,0,0,0,0,0,0,0,0,0,0
id_v2mni5zssg4g.wav,0,0,0,0,0,0,0,0,0,0,0,0
id_1k7i5i7mg9mj.wav,0,0,0,0,0,0,0,0,0,0,0,0
id_wbtoyd0docqu.wav,0,0,0,0,0,0,0,0,0,0,0,0
id_i77nru84ub09.wav,0,0,0,0,0,0,0,0,0,0,0,0
id_uig4fwt95yq3.wav,0,0,0,0,0,0,0,0,0,0,0,0
id_8n03it6fs76w.wav,0,0,0,0,0,0,0,0,0,0,0,0
id_mbjxie46ltcs.wav,0,0,0,0,0,0,0,0,0,0,0,0
id_u2vuhh6eyakt.wav,0,0,0,0,0,0,0,0,0,0,0,0
id_7or3ea6d5doj.wav,0,0,0,0,0,0,0,0,0,0,0,0
id_gelj9errsn43.wav,0,0,0,0,0,0,0,0,0,0,0,0
id_lvdq7o0udqwv.wav,0,0,0,0,0,0,0,0,0,0,0,0
id_x5tyw87d2x7v.wav,0,0,0,0,0,0,0,0,0,0,0,0
id_a20so44vbswd.wav,0,0,0,0,0,0,0,0,0,0,0,0
id_hczuug2cmz57.wav,0,0,0,0,0,0,0,0,0,0,0,0
id_tdq3k9albfna.wav,0,0,0,0,0,0,0,0,0,0,0,0
id_41d6ksjmjczq.wav,0,0,0,0,0,0,0,0,0,0,0,0
id_a77n21lmyc3z.wav,0,0,0,0,0,0,0,0,0,0,0,0
id_4ynpmy6l7nie.wav,0,0,0,0,0,0,0,0,0,0,0,0
id_4agrj4t1f7be.wav,0,0,0,0,0,0,0,0,0,0,0,0
id_eefjns5ijwv8.wav,0,0,0,0,0,0,0,0,0,0,0,0
id_teio0tf7f9a4.wav,0,0,0,0,0,0,0,0,0,0,0,0
id_kii1yv72dvaa.wav,0,0,0,0,0,0,0,0,0,0,0,0
id_be9x0f89egfh.wav,0,0,0,0,0,0,0,0,0,0,0,0
id_gclvcclor5nq.wav,0,0,0,0,0,0,0,0,0,0,0,0
id_fxiozgaxgkgn.wav,0,0,0,0,0,0,0,0,0,0,0,0
id_gwyltxn8stb9.wav,0,0,0,0,0,0,0,0,0,0,0,0
id_33aep40lx1v9.wav,0,0,0,0,0,0,0,0,0,0,0,0
id_smed0lxvcog3.wav,0,0,0,0,0,0,0,0,0,0,0,0
id_so4x3ls67pwh.wav,0,0,0,0,0,0,0,0,0,0,0,0
id_wbwhxkutg0nr.wav,0,0,0,0,0,0,0,0,0,0,0,0
id_7u894i8ua6od.wav,0,0,0,0,0,0,0,0,0,0,0,0
id_2ju0qumr50c9.wav,0,0,0,0,0,0,0,0,0,0,0,0
id_uzzd58zih6f9.wav,0,0,0,0,0,0,0,0,0,0,0,0
id_rzojnp1xma7c.wav,0,0,0,0,0,0,0,0,0,0,0,0
id_itbfy528mv4i.wav,0,0,0,0,0,0,0,0,0,0,0,0
id_juwz9gxqafxq.wav,0,0,0,0,0,0,0,0,0,0,0,0
id_d23l8o9dgn55.wav,0,0,0,0,0,0,0,0,0,0,0,0
id_z17sbxcsqa99.wav,0,0,0,0,0,0,0,0,0,0,0,0
id_9l0sh28uzyb2.wav,0,0,0,0,0,0,0,0,0,0,0,0
id_bc63ohqhucgc.wav,0,0,0,0,0,0,0,0,0,0,0,0
id_osg8j8h9wogq.wav,0,0,0,0,0,0,0,0,0,0,0,0
id_9s2f3m322fqb.wav,0,0,0,0,0,0,0,0,0,0,0,0
id_eynzf4skn5zz.wav,0,0,0,0,0,0,0,0,0,0,0,0
id_c92aopfq1z4r.wav,0,0,0,0,0,0,0,0,0,0,0,0
id_6jre7e7r9vwm.wav,0,0,0,0,0,0,0,0,0,0,0,0
id_zf101qfkdjol.wav,0,0,0,0,0,0,0,0,0,0,0,0
id_ofx3vpeyd1cm.wav,0,0,0,0,0,0,0,0,0,0,0,0
id_vn3h291h383f.wav,0,0,0,0,0,0,0,0,0,0,0,0
id_zjcdj63oyyra.wav,0,0,0,0,0,0,0,0,0,0,0,0
id_c1gafnftv64g.wav,0,0,0,0,0,0,0,0,0,0,0,0
id_hbxs14o8iwuv.wav,0,0,0,0,0,0,0,0,0,0,0,0
id_63mhgqyfw545.wav,0,0,0,0,0,0,0,0,0,0,0,0
id_y45cdsev7i98.wav,0,0,0,0,0,0,0,0,0,0,0,0
id_eqrwechohvd8.wav,0,0,0,0,0,0,0,0,0,0,0,0
id_9f5hzj5rqsly.wav,0,0,0,0,0,0,0,0,0,0,0,0
id_a1tln5wuguy4.wav,0,0,0,0,0,0,0,0,0,0,0,0
id_tm5fh5afl0dx.wav,0,0,0,0,0,0,0,0,0,0,0,0
id_da925k29faq5.wav,0,0,0,0,0,0,0,0,0,0,0,0
id_pw8ibggrelo5.wav,0,0,0,0,0,0,0,0,0,0,0,0
id_63dobhydnz1j.wav,0,0,0,0,0,0,0,0,0,0,0,0
id_pgwfyt2n80ci.wav,0,0,0,0,0,0,0,0,0,0,0,0
id_lpm0myznx2ul.wav,0,0,0,0,0,0,0,0,0,0,0,0
id_86mnqs67wz3o.wav,0,0,0,0,0,0,0,0,0,0,0,0
id_hz5u5tfb5bdj.wav,0,0,0,0,0,0,0,0,0,0,0,0
id_17lqlusjie6v.wav,0,0,0,0,0,0,0,0,0,0,0,0
id_qkwh2teorwh0.wav,0,0,0,0,0,0,0,0,0,0,0,0
id_js5tixdffb0o.wav,0,0,0,0,0,0,0,0,0,0,0,0
id_iuu4qa01wac6.wav,0,0,0,0,0,0,0,0,0,0,0,0
id_wvlhma7qdjc5.wav,0,0,0,0,0,0,0,0,0,0,0,0
id_yb1enz2imbps.wav,0,0,0,0,0,0,0,0,0,0,0,0
id_8ypph0k0zsys.wav,0,0,0,0,0,0,0,0,0,0,0,0
id_sqrmxjiy5afm.wav,0,0,0,0,0,0,0,0,0,0,0,0
id_nk5oir80au35.wav,0,0,0,0,0,0,0,0,0,0,0,0
id_vtifaii9zzgn.wav,0,0,0,0,0,0,0,0,0,0,0,0
id_zp0vc0eg5owo.wav,0,0,0,0,0,0,0,0,0,0,0,0
id_d5z4qskqffbj.wav,0,0,0,0,0,0,0,0,0,0,0,0
id_boh2eadum3d4.wav,0,0,0,0,0,0,0,0,0,0,0,0
id_fhpajoyato6s.wav,0,0,0,0,0,0,0,0,0,0,0,0
id_zx6qtg7uqkz3.wav,0,0,0,0,0,0,0,0,0,0,0,0
id_kr2grh09ulcz.wav,0,0,0,0,0,0,0,0,0,0,0,0
id_pghrzn6nehgw.wav,0,0,0,0,0,0,0,0,0,0,0,0
id_usz3w4i6yo6h.wav,0,0,0,0,0,0,0,0,0,0,0,0
id_r6cm9jgkwd98.wav,0,0,0,0,0,0,0,0,0,0,0,0
id_5gxhkbnur9gg.wav,0,0,0,0,0,0,0,0,0,0,0,0
id_q42hyf44ux89.wav,0,0,0,0,0,0,0,0,0,0,0,0
id_onb1e5yjcdem.wav,0,0,0,0,0,0,0,0,0,0,0,0
id_zyltbh1fqs02.wav,0,0,0,0,0,0,0,0,0,0,0,0
id_22py04onm4mt.wav,0,0,0,0,0,0,0,0,0,0,0,0
id_nd6bav9yzcjf.wav,0,0,0,0,0,0,0,0,0,0,0,0
id_zx6qcwhrnkmn.wav,0,0,0,0,0,0,0,0,0,0,0,0
id_zt9sddu95mc2.wav,0,0,0,0,0,0,0,0,0,0,0,0
id_x8j3hacg43io.wav,0,0,0,0,0,0,0,0,0,0,0,0
id_jv58acoctffx.wav,0,0,0,0,0,0,0,0,0,0,0,0
id_zqbrlhae8357.wav,0,0,0,0,0,0,0,0,0,0,0,0
id_6g6428f2ojfe.wav,0,0,0,0,0,0,0,0,0,0,0,0
id_0mfcp8qepxmi.wav,0,0,0,0,0,0,0,0,0,0,0,0
id_rtbksgfc38aq.wav,0,0,0,0,0,0,0,0,0,0,0,0
id_5p1x6b0e280p.wav,0,0,0,0,0,0,0,0,0,0,0,0
id_fgngd0lbn5w3.wav,0,0,0,0,0,0,0,0,0,0,0,0
id_7mxivuq1j7k5.wav,0,0,0,0,0,0,0,0,0,0,0,0
id_rernn4p8vuvd.wav,0,0,0,0,0,0,0,0,0,0,0,0
id_vrhc1da5gr22.wav,0,0,0,0,0,0,0,0,0,0,0,0
id_i20tohcspwl9.wav,0,0,0,0,0,0,0,0,0,0,0,0
id_fbjz7hzobv82.wav,0,0,0,0,0,0,0,0,0,0,0,0
id_2zbyc2c8isg6.wav,0,0,0,0,0,0,0,0,0,0,0,0
id_hbjytnn77s2e.wav,0,0,0,0,0,0,0,0,0,0,0,0
id_ikrso2p0f7xf.wav,0,0,0,0,0,0,0,0,0,0,0,0
id_ii8obtx41kn8.wav,0,0,0,0,0,0,0,0,0,0,0,0
